vote_id	icpsr	outcome
36	0	Nay
39	0	Nay
43	0	Yea
45	0	Nay
47	0	Nay
242	0	Yea
325	0	Nay
331	0	Nay
351	0	Nay
390	0	Yea
415	0	Nay
416	0	Nay
442	0	Nay
532	0	Nay
569	0	Nay
582	0	Nay
607	0	Nay
610	0	Nay
623	0	Yea
625	0	Nay
649	0	Nay
654	0	Nay
665	0	Nay
682	0	Yea
693	0	Nay
700	0	Nay
704	0	Nay
36	3	Nay
39	3	Nay
43	3	Yea
45	3	Nay
47	3	Nay
242	3	Yea
325	3	Yea
331	3	Yea
351	3	Nay
390	3	Yea
415	3	Nay
416	3	Nay
442	3	Nay
532	3	Yea
569	3	Yea
582	3	Yea
607	3	Yea
610	3	Yea
623	3	Yea
625	3	Yea
649	3	Yea
654	3	Yea
665	3	Yea
682	3	Yea
693	3	Yea
700	3	Yea
704	3	Yea
36	4	Nay
39	4	Nay
43	4	Yea
45	4	Nay
47	4	Nay
242	4	Yea
325	4	Yea
331	4	Yea
390	4	Yea
415	4	Nay
416	4	Nay
442	4	Yea
532	4	Yea
582	4	Yea
607	4	Yea
610	4	Yea
623	4	Yea
625	4	Nay
649	4	Yea
654	4	Yea
682	4	Yea
693	4	Yea
700	4	Yea
36	6	Nay
39	6	Nay
43	6	Yea
45	6	Nay
47	6	Nay
242	6	Yea
325	6	Yea
331	6	Yea
351	6	Nay
390	6	Yea
415	6	Nay
416	6	Nay
442	6	Yea
532	6	Yea
569	6	Yea
582	6	Yea
607	6	Yea
610	6	Yea
623	6	Yea
625	6	Yea
649	6	Yea
654	6	Yea
665	6	Yea
682	6	Yea
693	6	Yea
700	6	Yea
704	6	Yea
36	13	Nay
39	13	Nay
43	13	Yea
45	13	Nay
47	13	Nay
242	13	Yea
325	13	Nay
331	13	Nay
351	13	Nay
390	13	Yea
415	13	Yea
416	13	Nay
442	13	Nay
532	13	Nay
569	13	Nay
582	13	Nay
607	13	Yea
610	13	Yea
623	13	Yea
625	13	Nay
649	13	Yea
654	13	Yea
665	13	Nay
682	13	Yea
693	13	Nay
700	13	Nay
704	13	Nay
36	14	Nay
39	14	Nay
43	14	Yea
45	14	Nay
47	14	Nay
242	14	Yea
325	14	Yea
331	14	Yea
351	14	Nay
390	14	Yea
415	14	Yea
416	14	Nay
442	14	Yea
532	14	Nay
569	14	Yea
582	14	Yea
607	14	Yea
610	14	Yea
623	14	Yea
625	14	Yea
649	14	Yea
654	14	Yea
665	14	Yea
682	14	Yea
693	14	Yea
700	14	Yea
704	14	Yea
36	15	Nay
39	15	Nay
43	15	Yea
45	15	Nay
47	15	Nay
242	15	Yea
325	15	Yea
331	15	Nay
351	15	Nay
390	15	Yea
415	15	Yea
416	15	Nay
442	15	Yea
532	15	Yea
569	15	Nay
582	15	Yea
607	15	Yea
610	15	Yea
623	15	Yea
625	15	Yea
649	15	Yea
654	15	Nay
665	15	Yea
682	15	Yea
693	15	Yea
700	15	Yea
704	15	Yea
36	16	Nay
39	16	Nay
43	16	Yea
45	16	Nay
47	16	Nay
242	16	Yea
325	16	Nay
331	16	Nay
351	16	Nay
390	16	Yea
415	16	Yea
416	16	Nay
442	16	Nay
532	16	Nay
569	16	Nay
582	16	Nay
607	16	Nay
610	16	Nay
623	16	Yea
625	16	Nay
649	16	Nay
654	16	Nay
665	16	Nay
682	16	Yea
693	16	Nay
700	16	Nay
704	16	Nay
36	17	Nay
39	17	Nay
43	17	Yea
45	17	Nay
47	17	Nay
242	17	Yea
325	17	Yea
331	17	Yea
351	17	Nay
390	17	Yea
415	17	Yea
416	17	Nay
442	17	Yea
532	17	Yea
569	17	Yea
582	17	Yea
607	17	Yea
610	17	Yea
623	17	Yea
625	17	Yea
649	17	Yea
654	17	Yea
665	17	Yea
693	17	Yea
700	17	Yea
704	17	Nay
36	18	Nay
39	18	Nay
43	18	Yea
45	18	Nay
47	18	Nay
242	18	Yea
325	18	Yea
331	18	Yea
351	18	Nay
390	18	Yea
415	18	Nay
416	18	Nay
442	18	Yea
532	18	Yea
569	18	Yea
582	18	Yea
607	18	Yea
610	18	Yea
623	18	Yea
625	18	Yea
649	18	Yea
654	18	Yea
665	18	Yea
682	18	Yea
693	18	Yea
700	18	Yea
704	18	Yea
36	30	Nay
39	30	Nay
43	30	Yea
45	30	Nay
47	30	Nay
242	30	Yea
325	30	Nay
331	30	Nay
351	30	Nay
390	30	Yea
415	30	Yea
416	30	Nay
442	30	Nay
532	30	Nay
569	30	Nay
582	30	Nay
607	30	Nay
610	30	Nay
623	30	Yea
625	30	Nay
649	30	Nay
654	30	Nay
665	30	Nay
682	30	Yea
693	30	Nay
700	30	Nay
704	30	Nay
36	31	Nay
39	31	Nay
43	31	Yea
45	31	Nay
47	31	Nay
242	31	Yea
331	31	Yea
351	31	Nay
390	31	Yea
415	31	Yea
416	31	Nay
442	31	Yea
532	31	Yea
569	31	Yea
582	31	Yea
607	31	Nay
610	31	Nay
623	31	Yea
625	31	Yea
649	31	Yea
654	31	Nay
665	31	Yea
682	31	Yea
693	31	Yea
700	31	Yea
704	31	Yea
36	42	Nay
39	42	Nay
43	42	Yea
45	42	Nay
47	42	Nay
242	42	Yea
325	42	Yea
331	42	Yea
390	42	Yea
415	42	Yea
416	42	Nay
442	42	Yea
532	42	Yea
569	42	Yea
582	42	Yea
607	42	Yea
610	42	Yea
623	42	Yea
625	42	Yea
649	42	Yea
654	42	Yea
665	42	Yea
682	42	Yea
693	42	Yea
700	42	Yea
704	42	Yea
36	44	Nay
39	44	Nay
43	44	Yea
45	44	Nay
47	44	Nay
242	44	Yea
325	44	Yea
331	44	Yea
351	44	Nay
390	44	Yea
415	44	Nay
416	44	Nay
442	44	Yea
532	44	Yea
569	44	Yea
582	44	Yea
607	44	Yea
610	44	Yea
623	44	Yea
625	44	Yea
649	44	Yea
654	44	Yea
665	44	Yea
682	44	Yea
693	44	Yea
700	44	Yea
36	49	Nay
39	49	Nay
43	49	Yea
45	49	Nay
47	49	Nay
242	49	Yea
325	49	Yea
331	49	Yea
351	49	Nay
390	49	Yea
415	49	Yea
416	49	Nay
442	49	Nay
532	49	Nay
569	49	Yea
582	49	Nay
607	49	Nay
610	49	Nay
623	49	Yea
625	49	Nay
649	49	Yea
654	49	Nay
665	49	Nay
682	49	Yea
693	49	Yea
700	49	Nay
36	50	Nay
39	50	Nay
43	50	Yea
45	50	Nay
47	50	Nay
242	50	Yea
325	50	Yea
331	50	Yea
351	50	Nay
390	50	Yea
415	50	Nay
416	50	Nay
442	50	Yea
532	50	Yea
569	50	Yea
582	50	Yea
607	50	Yea
610	50	Yea
623	50	Yea
625	50	Yea
649	50	Yea
654	50	Yea
665	50	Yea
682	50	Yea
693	50	Yea
700	50	Yea
704	50	Yea
36	53	Nay
39	53	Nay
43	53	Yea
45	53	Nay
47	53	Nay
242	53	Yea
325	53	Yea
331	53	Yea
351	53	Nay
390	53	Yea
415	53	Yea
416	53	Nay
442	53	Nay
532	53	Yea
569	53	Yea
582	53	Yea
607	53	Yea
610	53	Yea
623	53	Yea
625	53	Yea
654	53	Yea
665	53	Yea
693	53	Nay
700	53	Nay
704	53	Yea
36	54	Nay
39	54	Nay
43	54	Yea
45	54	Nay
47	54	Nay
242	54	Yea
325	54	Nay
331	54	Nay
351	54	Nay
390	54	Yea
415	54	Nay
416	54	Nay
442	54	Nay
532	54	Nay
569	54	Nay
582	54	Nay
607	54	Nay
610	54	Nay
623	54	Yea
625	54	Nay
649	54	Nay
654	54	Nay
665	54	Nay
682	54	Yea
693	54	Nay
700	54	Nay
704	54	Nay
36	55	Nay
39	55	Nay
43	55	Yea
45	55	Nay
47	55	Nay
242	55	Yea
325	55	Yea
331	55	Yea
351	55	Nay
390	55	Yea
415	55	Nay
416	55	Nay
442	55	Yea
532	55	Yea
569	55	Yea
582	55	Yea
607	55	Yea
610	55	Yea
623	55	Yea
625	55	Yea
649	55	Yea
654	55	Yea
665	55	Yea
682	55	Yea
693	55	Yea
700	55	Yea
704	55	Yea
36	56	Nay
39	56	Nay
43	56	Yea
45	56	Nay
47	56	Nay
242	56	Yea
325	56	Yea
331	56	Yea
351	56	Nay
390	56	Yea
415	56	Nay
416	56	Nay
442	56	Yea
532	56	Yea
569	56	Yea
582	56	Yea
607	56	Yea
610	56	Yea
623	56	Yea
625	56	Yea
649	56	Yea
654	56	Yea
665	56	Yea
682	56	Yea
693	56	Yea
700	56	Yea
704	56	Yea
36	64	Nay
39	64	Nay
43	64	Yea
47	64	Nay
242	64	Yea
325	64	Nay
331	64	Yea
351	64	Nay
390	64	Yea
415	64	Yea
416	64	Yea
442	64	Yea
532	64	Yea
569	64	Yea
582	64	Yea
607	64	Nay
610	64	Nay
623	64	Yea
625	64	Nay
654	64	Nay
665	64	Nay
682	64	Yea
693	64	Yea
700	64	Nay
704	64	Yea
36	70	Nay
39	70	Nay
43	70	Yea
45	70	Nay
47	70	Nay
242	70	Yea
325	70	Yea
331	70	Yea
351	70	Nay
390	70	Yea
415	70	Yea
416	70	Yea
442	70	Yea
569	70	Yea
582	70	Yea
607	70	Yea
610	70	Yea
623	70	Yea
625	70	Yea
649	70	Yea
654	70	Yea
665	70	Yea
682	70	Yea
700	70	Yea
704	70	Yea
36	92	Nay
39	92	Nay
43	92	Yea
45	92	Nay
47	92	Nay
242	92	Yea
325	92	Yea
331	92	Yea
351	92	Nay
390	92	Yea
415	92	Nay
416	92	Nay
442	92	Yea
532	92	Yea
569	92	Yea
582	92	Yea
607	92	Yea
610	92	Yea
623	92	Yea
625	92	Yea
649	92	Yea
654	92	Yea
665	92	Yea
682	92	Yea
693	92	Yea
700	92	Yea
704	92	Yea
36	93	Nay
39	93	Nay
43	93	Yea
45	93	Nay
47	93	Nay
242	93	Yea
325	93	Yea
331	93	Nay
351	93	Nay
390	93	Yea
415	93	Yea
416	93	Nay
442	93	Yea
532	93	Yea
569	93	Yea
582	93	Yea
607	93	Yea
610	93	Yea
623	93	Yea
625	93	Yea
649	93	Yea
654	93	Yea
665	93	Nay
36	95	Nay
39	95	Nay
43	95	Yea
45	95	Nay
47	95	Nay
242	95	Yea
325	95	Yea
331	95	Yea
351	95	Nay
390	95	Yea
415	95	Yea
416	95	Nay
442	95	Yea
532	95	Yea
569	95	Yea
582	95	Yea
607	95	Yea
610	95	Yea
623	95	Yea
625	95	Yea
649	95	Yea
665	95	Yea
682	95	Yea
693	95	Yea
700	95	Yea
704	95	Yea
36	96	Nay
39	96	Nay
43	96	Yea
45	96	Nay
47	96	Nay
242	96	Yea
325	96	Yea
331	96	Yea
351	96	Nay
390	96	Yea
415	96	Nay
416	96	Nay
442	96	Yea
532	96	Yea
569	96	Yea
582	96	Yea
607	96	Yea
610	96	Yea
623	96	Yea
625	96	Yea
649	96	Yea
665	96	Yea
682	96	Yea
693	96	Yea
700	96	Yea
704	96	Yea
36	100	Nay
39	100	Nay
43	100	Yea
45	100	Nay
47	100	Nay
242	100	Yea
325	100	Yea
331	100	Yea
390	100	Yea
415	100	Yea
416	100	Nay
442	100	Yea
569	100	Yea
582	100	Yea
607	100	Yea
610	100	Yea
649	100	Yea
654	100	Yea
665	100	Yea
682	100	Yea
693	100	Yea
700	100	Yea
704	100	Yea
36	103	Nay
39	103	Nay
43	103	Yea
45	103	Nay
47	103	Nay
242	103	Yea
325	103	Nay
331	103	Nay
351	103	Nay
390	103	Yea
415	103	Nay
416	103	Nay
442	103	Nay
532	103	Nay
569	103	Nay
582	103	Nay
607	103	Nay
610	103	Nay
623	103	Yea
625	103	Nay
649	103	Nay
654	103	Nay
665	103	Nay
682	103	Yea
693	103	Nay
700	103	Nay
704	103	Nay
36	106	Nay
39	106	Nay
43	106	Yea
45	106	Nay
47	106	Yea
242	106	Yea
325	106	Yea
331	106	Yea
351	106	Nay
390	106	Yea
415	106	Nay
416	106	Nay
442	106	Yea
532	106	Yea
569	106	Yea
582	106	Yea
607	106	Yea
610	106	Yea
649	106	Yea
665	106	Yea
682	106	Yea
693	106	Yea
700	106	Yea
704	106	Yea
36	107	Nay
39	107	Nay
43	107	Yea
45	107	Nay
47	107	Nay
242	107	Yea
351	107	Nay
390	107	Yea
415	107	Yea
416	107	Nay
623	107	Yea
682	107	Yea
36	108	Nay
39	108	Nay
43	108	Yea
45	108	Nay
47	108	Nay
242	108	Yea
325	108	Nay
331	108	Nay
351	108	Nay
390	108	Yea
415	108	Yea
416	108	Nay
442	108	Yea
532	108	Nay
569	108	Nay
582	108	Nay
607	108	Nay
610	108	Nay
623	108	Yea
625	108	Nay
649	108	Nay
654	108	Nay
665	108	Nay
682	108	Yea
693	108	Nay
700	108	Nay
704	108	Nay
36	111	Nay
39	111	Nay
43	111	Yea
45	111	Nay
47	111	Nay
242	111	Yea
325	111	Yea
331	111	Yea
351	111	Nay
390	111	Yea
415	111	Yea
416	111	Nay
442	111	Yea
532	111	Yea
569	111	Yea
582	111	Yea
607	111	Yea
610	111	Yea
623	111	Yea
625	111	Yea
654	111	Yea
665	111	Yea
693	111	Yea
700	111	Yea
704	111	Yea
36	112	Nay
39	112	Nay
43	112	Yea
45	112	Nay
47	112	Nay
242	112	Yea
325	112	Yea
331	112	Yea
351	112	Nay
390	112	Yea
415	112	Nay
416	112	Nay
442	112	Yea
532	112	Yea
582	112	Yea
607	112	Yea
610	112	Yea
623	112	Yea
625	112	Yea
649	112	Yea
654	112	Yea
665	112	Yea
682	112	Yea
693	112	Yea
700	112	Yea
704	112	Yea
36	113	Nay
39	113	Nay
43	113	Yea
45	113	Nay
47	113	Nay
242	113	Yea
325	113	Yea
331	113	Yea
351	113	Nay
390	113	Yea
415	113	Yea
416	113	Nay
442	113	Yea
532	113	Yea
569	113	Yea
582	113	Yea
607	113	Yea
610	113	Yea
623	113	Yea
625	113	Yea
649	113	Yea
654	113	Yea
665	113	Yea
682	113	Yea
693	113	Yea
700	113	Yea
704	113	Yea
36	114	Nay
39	114	Nay
43	114	Yea
45	114	Nay
47	114	Nay
242	114	Yea
325	114	Yea
331	114	Yea
351	114	Nay
390	114	Yea
415	114	Yea
416	114	Nay
442	114	Yea
532	114	Yea
569	114	Yea
582	114	Yea
610	114	Yea
623	114	Yea
625	114	Yea
649	114	Yea
654	114	Nay
665	114	Yea
682	114	Yea
700	114	Yea
704	114	Yea
36	115	Nay
39	115	Nay
43	115	Yea
45	115	Nay
47	115	Nay
242	115	Yea
325	115	Nay
331	115	Yea
351	115	Nay
390	115	Yea
415	115	Yea
416	115	Nay
442	115	Yea
532	115	Nay
569	115	Nay
582	115	Yea
607	115	Yea
610	115	Yea
623	115	Yea
625	115	Nay
649	115	Yea
654	115	Nay
665	115	Yea
682	115	Yea
693	115	Yea
700	115	Yea
704	115	Yea
36	116	Nay
39	116	Nay
43	116	Yea
45	116	Nay
47	116	Nay
242	116	Yea
325	116	Yea
331	116	Yea
351	116	Nay
390	116	Yea
415	116	Nay
416	116	Nay
442	116	Yea
532	116	Yea
569	116	Yea
582	116	Yea
607	116	Yea
610	116	Yea
623	116	Yea
625	116	Yea
649	116	Yea
654	116	Yea
665	116	Yea
682	116	Yea
693	116	Yea
700	116	Yea
704	116	Yea
36	117	Nay
39	117	Nay
43	117	Yea
45	117	Nay
47	117	Nay
242	117	Yea
325	117	Yea
331	117	Yea
351	117	Nay
390	117	Yea
415	117	Nay
416	117	Nay
442	117	Yea
532	117	Yea
569	117	Yea
582	117	Yea
607	117	Yea
610	117	Yea
623	117	Yea
625	117	Yea
649	117	Yea
654	117	Yea
665	117	Yea
682	117	Yea
693	117	Yea
700	117	Yea
704	117	Yea
36	120	Nay
39	120	Nay
43	120	Yea
45	120	Nay
47	120	Nay
242	120	Yea
325	120	Yea
331	120	Nay
351	120	Nay
390	120	Yea
415	120	Nay
416	120	Nay
442	120	Nay
569	120	Yea
582	120	Yea
607	120	Yea
610	120	Yea
623	120	Yea
625	120	Yea
654	120	Yea
665	120	Yea
693	120	Yea
700	120	Nay
704	120	Yea
36	123	Nay
39	123	Nay
43	123	Yea
45	123	Nay
47	123	Nay
242	123	Yea
325	123	Yea
331	123	Yea
390	123	Yea
415	123	Nay
416	123	Nay
442	123	Yea
532	123	Yea
569	123	Yea
582	123	Yea
607	123	Yea
610	123	Yea
623	123	Yea
625	123	Yea
649	123	Yea
654	123	Yea
665	123	Yea
682	123	Yea
693	123	Yea
700	123	Yea
704	123	Yea
36	124	Nay
39	124	Nay
43	124	Yea
45	124	Nay
47	124	Nay
242	124	Yea
325	124	Nay
331	124	Yea
351	124	Nay
390	124	Yea
415	124	Yea
416	124	Nay
532	124	Nay
569	124	Yea
582	124	Nay
623	124	Yea
649	124	Yea
654	124	Nay
665	124	Yea
682	124	Yea
693	124	Nay
700	124	Nay
704	124	Yea
36	125	Nay
39	125	Nay
43	125	Yea
45	125	Nay
47	125	Nay
242	125	Yea
325	125	Nay
331	125	Nay
351	125	Nay
390	125	Yea
415	125	Yea
416	125	Nay
442	125	Nay
532	125	Nay
569	125	Nay
582	125	Nay
607	125	Nay
610	125	Nay
623	125	Yea
625	125	Nay
649	125	Nay
654	125	Nay
665	125	Nay
682	125	Yea
693	125	Nay
700	125	Nay
704	125	Nay
36	126	Nay
39	126	Nay
43	126	Yea
45	126	Nay
47	126	Nay
242	126	Yea
325	126	Yea
331	126	Yea
351	126	Nay
390	126	Yea
442	126	Yea
532	126	Yea
569	126	Yea
582	126	Yea
607	126	Yea
610	126	Yea
623	126	Yea
625	126	Yea
649	126	Yea
654	126	Yea
665	126	Yea
682	126	Yea
693	126	Yea
700	126	Yea
704	126	Yea
36	127	Nay
39	127	Nay
43	127	Yea
45	127	Nay
47	127	Nay
242	127	Yea
325	127	Yea
331	127	Yea
351	127	Nay
390	127	Yea
415	127	Yea
416	127	Nay
442	127	Yea
532	127	Yea
569	127	Yea
582	127	Yea
607	127	Yea
610	127	Yea
623	127	Yea
625	127	Yea
649	127	Yea
654	127	Yea
665	127	Yea
693	127	Yea
700	127	Yea
704	127	Yea
36	128	Nay
39	128	Nay
43	128	Yea
45	128	Nay
47	128	Nay
242	128	Yea
325	128	Yea
331	128	Yea
351	128	Nay
390	128	Yea
415	128	Yea
416	128	Nay
442	128	Nay
532	128	Yea
569	128	Yea
582	128	Yea
607	128	Yea
610	128	Yea
623	128	Yea
625	128	Yea
649	128	Yea
654	128	Yea
665	128	Yea
682	128	Yea
693	128	Yea
700	128	Yea
704	128	Yea
36	130	Nay
39	130	Nay
43	130	Yea
45	130	Nay
47	130	Nay
242	130	Nay
325	130	Yea
331	130	Yea
351	130	Nay
390	130	Yea
415	130	Nay
416	130	Nay
442	130	Yea
532	130	Yea
569	130	Yea
582	130	Yea
607	130	Yea
610	130	Yea
623	130	Yea
625	130	Yea
649	130	Yea
654	130	Yea
665	130	Yea
682	130	Yea
693	130	Yea
700	130	Yea
704	130	Yea
36	139	Nay
39	139	Nay
43	139	Yea
45	139	Nay
47	139	Nay
242	139	Yea
325	139	Yea
331	139	Yea
351	139	Nay
390	139	Yea
415	139	Nay
416	139	Nay
442	139	Yea
532	139	Yea
569	139	Yea
582	139	Yea
607	139	Yea
610	139	Yea
623	139	Yea
625	139	Yea
649	139	Yea
654	139	Yea
665	139	Yea
682	139	Yea
693	139	Yea
700	139	Yea
704	139	Yea
36	141	Nay
39	141	Nay
43	141	Yea
45	141	Nay
47	141	Nay
242	141	Yea
325	141	Yea
331	141	Yea
351	141	Nay
390	141	Yea
415	141	Yea
416	141	Nay
442	141	Yea
532	141	Yea
569	141	Yea
582	141	Yea
607	141	Yea
610	141	Yea
623	141	Yea
625	141	Yea
649	141	Nay
654	141	Nay
665	141	Nay
682	141	Yea
693	141	Nay
700	141	Nay
704	141	Yea
36	144	Nay
39	144	Nay
43	144	Yea
45	144	Nay
47	144	Nay
242	144	Nay
325	144	Nay
331	144	Nay
351	144	Nay
390	144	Yea
415	144	Nay
416	144	Nay
442	144	Nay
532	144	Nay
569	144	Nay
582	144	Nay
607	144	Nay
610	144	Nay
623	144	Yea
625	144	Nay
654	144	Nay
665	144	Nay
682	144	Yea
693	144	Nay
700	144	Nay
704	144	Nay
36	145	Nay
39	145	Nay
43	145	Yea
45	145	Nay
47	145	Nay
242	145	Yea
325	145	Nay
331	145	Nay
351	145	Nay
390	145	Yea
415	145	Nay
416	145	Nay
442	145	Yea
532	145	Yea
569	145	Yea
582	145	Yea
607	145	Yea
610	145	Yea
623	145	Yea
625	145	Yea
649	145	Yea
654	145	Nay
665	145	Nay
682	145	Yea
693	145	Nay
700	145	Nay
704	145	Nay
36	150	Nay
39	150	Nay
43	150	Yea
45	150	Nay
47	150	Nay
242	150	Yea
325	150	Nay
331	150	Nay
351	150	Nay
390	150	Yea
415	150	Yea
416	150	Nay
442	150	Nay
532	150	Nay
569	150	Nay
582	150	Nay
607	150	Nay
610	150	Nay
623	150	Yea
625	150	Nay
654	150	Nay
665	150	Nay
682	150	Yea
693	150	Nay
700	150	Nay
704	150	Nay
36	155	Nay
39	155	Nay
43	155	Yea
45	155	Nay
47	155	Nay
242	155	Yea
325	155	Yea
331	155	Yea
351	155	Nay
390	155	Yea
415	155	Yea
416	155	Nay
442	155	Nay
532	155	Yea
569	155	Yea
582	155	Yea
607	155	Yea
610	155	Nay
623	155	Yea
625	155	Nay
649	155	Nay
654	155	Nay
665	155	Yea
682	155	Yea
693	155	Yea
700	155	Yea
704	155	Nay
36	156	Nay
39	156	Nay
43	156	Yea
45	156	Nay
47	156	Nay
242	156	Yea
325	156	Nay
331	156	Nay
351	156	Nay
390	156	Yea
415	156	Nay
416	156	Nay
442	156	Nay
532	156	Nay
569	156	Nay
582	156	Nay
610	156	Yea
623	156	Yea
625	156	Nay
654	156	Yea
665	156	Nay
682	156	Yea
693	156	Nay
700	156	Nay
704	156	Nay
36	161	Nay
39	161	Nay
43	161	Yea
45	161	Nay
47	161	Nay
242	161	Yea
325	161	Nay
331	161	Nay
415	161	Nay
416	161	Nay
442	161	Yea
532	161	Yea
569	161	Yea
582	161	Yea
607	161	Yea
610	161	Yea
623	161	Yea
625	161	Nay
649	161	Yea
654	161	Nay
665	161	Yea
682	161	Yea
693	161	Yea
700	161	Yea
704	161	Yea
36	166	Nay
39	166	Nay
43	166	Yea
45	166	Nay
47	166	Nay
242	166	Yea
325	166	Yea
331	166	Yea
351	166	Nay
390	166	Yea
415	166	Nay
416	166	Nay
442	166	Yea
532	166	Yea
569	166	Yea
582	166	Yea
610	166	Yea
623	166	Yea
625	166	Yea
649	166	Yea
654	166	Yea
665	166	Yea
682	166	Yea
693	166	Yea
700	166	Yea
704	166	Yea
36	167	Nay
39	167	Nay
43	167	Yea
45	167	Nay
47	167	Nay
242	167	Yea
325	167	Yea
331	167	Yea
351	167	Nay
390	167	Yea
415	167	Nay
416	167	Yea
442	167	Yea
582	167	Yea
610	167	Yea
623	167	Yea
625	167	Yea
649	167	Yea
654	167	Yea
665	167	Yea
682	167	Yea
693	167	Yea
700	167	Yea
36	169	Nay
39	169	Nay
43	169	Yea
45	169	Nay
47	169	Nay
242	169	Yea
325	169	Nay
331	169	Nay
351	169	Nay
390	169	Yea
415	169	Nay
416	169	Nay
442	169	Yea
532	169	Nay
569	169	Nay
582	169	Nay
610	169	Yea
623	169	Yea
625	169	Nay
649	169	Nay
654	169	Yea
665	169	Nay
682	169	Yea
693	169	Nay
700	169	Nay
704	169	Nay
36	170	Nay
39	170	Nay
43	170	Yea
45	170	Nay
47	170	Nay
242	170	Yea
325	170	Yea
331	170	Yea
351	170	Nay
390	170	Yea
415	170	Nay
416	170	Yea
442	170	Yea
532	170	Yea
569	170	Yea
582	170	Yea
607	170	Yea
610	170	Yea
623	170	Yea
625	170	Yea
649	170	Yea
654	170	Yea
665	170	Yea
36	175	Nay
39	175	Nay
43	175	Yea
45	175	Nay
47	175	Nay
242	175	Yea
325	175	Yea
331	175	Yea
351	175	Nay
390	175	Yea
415	175	Nay
416	175	Nay
442	175	Yea
532	175	Yea
569	175	Yea
582	175	Yea
607	175	Yea
610	175	Yea
623	175	Yea
625	175	Yea
649	175	Yea
654	175	Yea
665	175	Yea
682	175	Yea
693	175	Yea
700	175	Yea
704	175	Yea
39	176	Nay
43	176	Yea
45	176	Nay
47	176	Nay
242	176	Yea
325	176	Yea
331	176	Yea
351	176	Nay
390	176	Yea
415	176	Yea
416	176	Nay
442	176	Yea
532	176	Yea
569	176	Yea
582	176	Yea
607	176	Yea
610	176	Yea
623	176	Yea
625	176	Yea
649	176	Yea
654	176	Yea
665	176	Yea
682	176	Yea
693	176	Yea
700	176	Yea
704	176	Yea
36	186	Nay
39	186	Nay
43	186	Yea
45	186	Nay
47	186	Nay
242	186	Yea
351	186	Nay
390	186	Yea
415	186	Nay
416	186	Nay
442	186	Yea
607	186	Yea
610	186	Yea
623	186	Yea
625	186	Yea
649	186	Yea
654	186	Yea
665	186	Yea
682	186	Yea
693	186	Yea
700	186	Yea
704	186	Yea
36	189	Nay
39	189	Nay
43	189	Yea
45	189	Nay
47	189	Nay
242	189	Yea
325	189	Nay
331	189	Yea
351	189	Nay
390	189	Yea
415	189	Nay
416	189	Nay
442	189	Yea
532	189	Yea
569	189	Yea
582	189	Yea
607	189	Yea
610	189	Yea
623	189	Yea
625	189	Nay
649	189	Nay
654	189	Nay
665	189	Nay
682	189	Yea
693	189	Yea
700	189	Yea
704	189	Yea
36	196	Nay
39	196	Nay
43	196	Yea
45	196	Nay
47	196	Nay
242	196	Yea
325	196	Nay
331	196	Nay
351	196	Nay
390	196	Yea
415	196	Yea
416	196	Nay
442	196	Nay
532	196	Nay
569	196	Nay
582	196	Yea
607	196	Nay
610	196	Nay
623	196	Yea
625	196	Yea
649	196	Nay
654	196	Nay
665	196	Nay
682	196	Yea
693	196	Yea
700	196	Yea
704	196	Yea
36	197	Nay
39	197	Nay
43	197	Yea
45	197	Nay
47	197	Nay
242	197	Yea
325	197	Yea
331	197	Yea
351	197	Nay
390	197	Yea
415	197	Yea
416	197	Nay
442	197	Yea
532	197	Yea
569	197	Yea
582	197	Yea
607	197	Yea
610	197	Yea
623	197	Yea
625	197	Yea
649	197	Yea
654	197	Yea
665	197	Yea
682	197	Yea
693	197	Nay
700	197	Nay
704	197	Nay
36	201	Nay
39	201	Nay
43	201	Yea
45	201	Nay
47	201	Nay
242	201	Yea
325	201	Nay
331	201	Nay
351	201	Nay
390	201	Yea
415	201	Nay
416	201	Nay
442	201	Nay
532	201	Yea
569	201	Nay
582	201	Nay
607	201	Nay
610	201	Nay
623	201	Yea
625	201	Nay
649	201	Nay
654	201	Nay
665	201	Nay
682	201	Yea
693	201	Yea
700	201	Nay
704	201	Nay
36	203	Nay
39	203	Nay
43	203	Yea
45	203	Nay
47	203	Nay
242	203	Yea
325	203	Yea
331	203	Yea
351	203	Nay
390	203	Yea
415	203	Nay
416	203	Nay
442	203	Yea
532	203	Yea
569	203	Yea
582	203	Yea
607	203	Yea
610	203	Yea
623	203	Yea
625	203	Yea
649	203	Yea
654	203	Yea
665	203	Yea
682	203	Yea
693	203	Yea
700	203	Yea
704	203	Yea
36	210	Nay
39	210	Nay
43	210	Yea
45	210	Nay
47	210	Nay
242	210	Yea
325	210	Yea
331	210	Yea
351	210	Nay
390	210	Yea
415	210	Yea
416	210	Nay
442	210	Yea
532	210	Yea
569	210	Yea
582	210	Nay
607	210	Yea
610	210	Yea
623	210	Yea
625	210	Yea
654	210	Yea
665	210	Yea
682	210	Yea
693	210	Yea
700	210	Yea
704	210	Yea
36	211	Nay
39	211	Nay
43	211	Yea
45	211	Nay
47	211	Nay
242	211	Yea
325	211	Yea
331	211	Yea
351	211	Nay
390	211	Yea
415	211	Nay
416	211	Nay
442	211	Yea
532	211	Yea
569	211	Yea
582	211	Yea
607	211	Yea
610	211	Yea
623	211	Yea
625	211	Yea
654	211	Yea
665	211	Yea
682	211	Yea
693	211	Yea
700	211	Yea
704	211	Yea
36	212	Nay
39	212	Nay
43	212	Yea
45	212	Nay
47	212	Nay
242	212	Yea
325	212	Nay
331	212	Nay
351	212	Yea
390	212	Yea
415	212	Yea
416	212	Nay
442	212	Nay
532	212	Nay
569	212	Nay
582	212	Nay
610	212	Nay
623	212	Yea
625	212	Nay
649	212	Nay
654	212	Nay
665	212	Nay
682	212	Yea
693	212	Yea
700	212	Nay
704	212	Nay
36	219	Nay
39	219	Nay
43	219	Yea
45	219	Nay
47	219	Nay
242	219	Yea
325	219	Yea
331	219	Nay
351	219	Nay
390	219	Yea
415	219	Yea
416	219	Nay
442	219	Yea
532	219	Nay
569	219	Nay
582	219	Yea
607	219	Nay
610	219	Nay
623	219	Yea
625	219	Yea
649	219	Yea
654	219	Nay
665	219	Nay
682	219	Yea
693	219	Nay
700	219	Nay
704	219	Nay
36	220	Nay
39	220	Nay
43	220	Yea
45	220	Nay
47	220	Nay
242	220	Yea
325	220	Yea
331	220	Yea
351	220	Nay
390	220	Yea
415	220	Nay
416	220	Nay
442	220	Yea
532	220	Yea
582	220	Yea
607	220	Yea
610	220	Yea
623	220	Yea
625	220	Yea
649	220	Yea
654	220	Yea
665	220	Yea
682	220	Yea
693	220	Yea
700	220	Yea
704	220	Yea
36	223	Nay
39	223	Nay
43	223	Yea
45	223	Nay
47	223	Nay
242	223	Yea
325	223	Yea
331	223	Yea
351	223	Nay
390	223	Yea
415	223	Yea
416	223	Nay
442	223	Nay
532	223	Nay
569	223	Nay
582	223	Nay
610	223	Nay
623	223	Yea
625	223	Yea
654	223	Yea
665	223	Yea
693	223	Nay
700	223	Nay
704	223	Yea
36	224	Nay
39	224	Nay
43	224	Yea
45	224	Nay
47	224	Nay
242	224	Yea
331	224	Yea
351	224	Nay
390	224	Yea
415	224	Nay
416	224	Nay
442	224	Yea
532	224	Yea
569	224	Yea
582	224	Yea
607	224	Yea
610	224	Yea
623	224	Yea
625	224	Yea
649	224	Yea
654	224	Yea
665	224	Yea
682	224	Yea
693	224	Yea
700	224	Yea
704	224	Yea
36	225	Nay
39	225	Nay
43	225	Yea
45	225	Nay
47	225	Nay
242	225	Yea
325	225	Yea
331	225	Yea
390	225	Yea
415	225	Yea
416	225	Nay
442	225	Yea
532	225	Yea
569	225	Yea
582	225	Yea
607	225	Yea
610	225	Yea
623	225	Yea
625	225	Yea
649	225	Yea
654	225	Yea
665	225	Yea
682	225	Yea
693	225	Yea
700	225	Yea
704	225	Yea
36	226	Nay
39	226	Nay
43	226	Yea
45	226	Nay
47	226	Nay
242	226	Yea
325	226	Yea
331	226	Yea
351	226	Nay
390	226	Yea
415	226	Nay
416	226	Nay
442	226	Yea
532	226	Nay
569	226	Yea
582	226	Yea
607	226	Nay
610	226	Yea
623	226	Yea
625	226	Yea
649	226	Yea
654	226	Yea
665	226	Yea
693	226	Yea
700	226	Yea
704	226	Yea
36	227	Nay
39	227	Nay
43	227	Yea
45	227	Nay
47	227	Nay
242	227	Yea
331	227	Nay
351	227	Nay
390	227	Yea
415	227	Yea
416	227	Nay
442	227	Nay
532	227	Nay
582	227	Nay
607	227	Nay
610	227	Nay
623	227	Yea
625	227	Nay
649	227	Nay
654	227	Nay
665	227	Nay
682	227	Yea
693	227	Nay
700	227	Nay
704	227	Nay
36	229	Nay
39	229	Nay
43	229	Yea
45	229	Nay
47	229	Nay
242	229	Yea
325	229	Yea
331	229	Yea
351	229	Nay
390	229	Yea
415	229	Yea
416	229	Nay
442	229	Yea
532	229	Yea
569	229	Yea
582	229	Yea
607	229	Yea
610	229	Yea
623	229	Yea
625	229	Yea
649	229	Yea
654	229	Yea
665	229	Yea
682	229	Yea
693	229	Yea
700	229	Yea
704	229	Yea
36	230	Nay
39	230	Nay
43	230	Yea
45	230	Nay
47	230	Nay
242	230	Yea
325	230	Nay
331	230	Yea
351	230	Nay
390	230	Yea
415	230	Yea
416	230	Nay
442	230	Nay
532	230	Nay
582	230	Yea
607	230	Nay
610	230	Yea
623	230	Yea
625	230	Nay
654	230	Yea
665	230	Nay
682	230	Yea
693	230	Nay
700	230	Nay
704	230	Yea
36	231	Nay
39	231	Nay
43	231	Yea
45	231	Nay
47	231	Nay
242	231	Yea
325	231	Nay
331	231	Nay
351	231	Nay
390	231	Yea
415	231	Nay
416	231	Nay
442	231	Yea
532	231	Nay
569	231	Nay
582	231	Yea
607	231	Yea
610	231	Nay
623	231	Yea
625	231	Yea
649	231	Yea
654	231	Nay
665	231	Yea
682	231	Yea
693	231	Nay
700	231	Yea
704	231	Yea
36	234	Nay
39	234	Nay
43	234	Yea
45	234	Nay
47	234	Nay
242	234	Yea
325	234	Yea
331	234	Nay
351	234	Nay
390	234	Yea
415	234	Nay
416	234	Nay
442	234	Nay
532	234	Nay
569	234	Nay
582	234	Nay
607	234	Nay
610	234	Nay
623	234	Yea
625	234	Nay
649	234	Nay
654	234	Nay
665	234	Nay
682	234	Yea
693	234	Nay
700	234	Nay
704	234	Nay
36	237	Nay
39	237	Nay
43	237	Yea
45	237	Nay
47	237	Nay
242	237	Yea
325	237	Nay
331	237	Nay
351	237	Nay
390	237	Yea
415	237	Nay
416	237	Nay
442	237	Nay
532	237	Nay
569	237	Yea
582	237	Nay
607	237	Nay
610	237	Nay
623	237	Yea
625	237	Nay
649	237	Nay
654	237	Nay
665	237	Nay
682	237	Yea
693	237	Nay
700	237	Nay
704	237	Yea
36	239	Nay
39	239	Nay
43	239	Yea
45	239	Nay
47	239	Nay
242	239	Yea
325	239	Yea
331	239	Yea
351	239	Nay
390	239	Yea
415	239	Nay
416	239	Nay
442	239	Yea
532	239	Yea
569	239	Yea
582	239	Yea
607	239	Nay
610	239	Yea
623	239	Yea
625	239	Nay
649	239	Nay
654	239	Nay
665	239	Nay
682	239	Yea
693	239	Nay
700	239	Yea
704	239	Yea
36	243	Nay
39	243	Nay
43	243	Yea
45	243	Nay
47	243	Nay
242	243	Yea
325	243	Yea
331	243	Yea
351	243	Nay
390	243	Yea
415	243	Nay
416	243	Nay
442	243	Yea
532	243	Yea
569	243	Yea
582	243	Yea
607	243	Yea
610	243	Yea
623	243	Yea
625	243	Yea
654	243	Yea
665	243	Yea
682	243	Yea
693	243	Yea
700	243	Yea
704	243	Yea
36	249	Nay
39	249	Yea
43	249	Yea
45	249	Nay
47	249	Nay
242	249	Yea
325	249	Nay
331	249	Nay
351	249	Nay
390	249	Yea
415	249	Nay
416	249	Nay
442	249	Nay
532	249	Nay
569	249	Nay
582	249	Nay
607	249	Nay
610	249	Nay
623	249	Yea
625	249	Nay
649	249	Nay
654	249	Nay
665	249	Nay
682	249	Yea
693	249	Nay
700	249	Nay
704	249	Nay
36	250	Nay
39	250	Nay
43	250	Yea
45	250	Nay
47	250	Nay
242	250	Yea
325	250	Yea
331	250	Yea
351	250	Nay
390	250	Yea
415	250	Yea
416	250	Nay
442	250	Yea
532	250	Yea
569	250	Yea
607	250	Yea
610	250	Yea
623	250	Yea
625	250	Yea
654	250	Yea
665	250	Yea
693	250	Yea
700	250	Yea
704	250	Yea
36	251	Nay
39	251	Nay
43	251	Yea
45	251	Nay
47	251	Nay
242	251	Yea
325	251	Yea
331	251	Yea
351	251	Nay
390	251	Yea
415	251	Nay
416	251	Nay
532	251	Yea
582	251	Yea
607	251	Yea
610	251	Yea
623	251	Yea
625	251	Yea
654	251	Yea
665	251	Yea
682	251	Yea
693	251	Yea
700	251	Yea
704	251	Yea
36	262	Nay
39	262	Nay
43	262	Yea
45	262	Nay
47	262	Nay
242	262	Yea
325	262	Yea
331	262	Nay
351	262	Nay
390	262	Yea
415	262	Nay
416	262	Nay
442	262	Nay
532	262	Nay
569	262	Nay
582	262	Nay
607	262	Nay
610	262	Nay
623	262	Yea
625	262	Nay
649	262	Nay
654	262	Nay
665	262	Nay
682	262	Yea
693	262	Nay
700	262	Nay
704	262	Nay
36	264	Nay
39	264	Nay
43	264	Yea
45	264	Nay
47	264	Nay
242	264	Nay
325	264	Nay
331	264	Nay
351	264	Nay
390	264	Yea
415	264	Nay
416	264	Nay
442	264	Nay
532	264	Nay
569	264	Nay
582	264	Nay
607	264	Nay
610	264	Nay
623	264	Yea
625	264	Nay
649	264	Nay
654	264	Nay
665	264	Nay
682	264	Yea
693	264	Nay
700	264	Nay
704	264	Nay
36	273	Nay
39	273	Nay
43	273	Yea
45	273	Nay
47	273	Nay
242	273	Yea
325	273	Yea
331	273	Yea
351	273	Nay
390	273	Yea
415	273	Nay
416	273	Nay
442	273	Yea
532	273	Yea
582	273	Yea
607	273	Yea
610	273	Yea
623	273	Yea
625	273	Yea
649	273	Yea
654	273	Yea
665	273	Yea
682	273	Yea
693	273	Yea
700	273	Yea
704	273	Yea
36	274	Nay
39	274	Nay
43	274	Yea
45	274	Nay
47	274	Nay
242	274	Yea
325	274	Nay
331	274	Nay
351	274	Nay
390	274	Yea
415	274	Yea
416	274	Nay
442	274	Nay
532	274	Nay
569	274	Nay
582	274	Nay
607	274	Nay
610	274	Nay
623	274	Yea
625	274	Nay
649	274	Nay
654	274	Nay
665	274	Nay
682	274	Yea
693	274	Nay
700	274	Nay
704	274	Nay
36	283	Nay
39	283	Nay
43	283	Yea
45	283	Nay
47	283	Nay
242	283	Yea
325	283	Yea
331	283	Yea
351	283	Nay
390	283	Yea
415	283	Yea
416	283	Nay
442	283	Yea
532	283	Yea
569	283	Yea
582	283	Yea
607	283	Yea
610	283	Yea
623	283	Yea
625	283	Yea
649	283	Yea
654	283	Yea
665	283	Yea
682	283	Yea
693	283	Yea
700	283	Yea
704	283	Yea
36	289	Nay
39	289	Nay
43	289	Yea
45	289	Nay
47	289	Nay
242	289	Yea
325	289	Nay
331	289	Nay
351	289	Nay
390	289	Yea
415	289	Nay
416	289	Nay
442	289	Nay
532	289	Nay
569	289	Nay
582	289	Nay
607	289	Nay
610	289	Nay
623	289	Yea
625	289	Nay
649	289	Nay
654	289	Nay
665	289	Nay
682	289	Yea
693	289	Nay
700	289	Nay
704	289	Nay
36	297	Nay
39	297	Nay
43	297	Yea
45	297	Nay
47	297	Nay
242	297	Yea
325	297	Nay
331	297	Nay
390	297	Yea
415	297	Nay
416	297	Nay
442	297	Nay
532	297	Nay
569	297	Nay
582	297	Nay
607	297	Nay
610	297	Nay
623	297	Yea
625	297	Nay
649	297	Nay
654	297	Nay
665	297	Nay
682	297	Yea
693	297	Nay
700	297	Nay
704	297	Nay
36	298	Nay
39	298	Nay
43	298	Yea
45	298	Nay
47	298	Nay
242	298	Yea
325	298	Nay
331	298	Yea
351	298	Nay
390	298	Yea
415	298	Nay
416	298	Nay
442	298	Yea
532	298	Nay
569	298	Yea
582	298	Yea
607	298	Nay
610	298	Yea
623	298	Yea
625	298	Nay
649	298	Yea
654	298	Yea
665	298	Yea
682	298	Yea
693	298	Yea
700	298	Yea
704	298	Yea
36	299	Nay
39	299	Nay
43	299	Yea
47	299	Nay
242	299	Yea
325	299	Yea
331	299	Yea
351	299	Nay
390	299	Yea
415	299	Yea
416	299	Nay
442	299	Yea
532	299	Yea
569	299	Yea
582	299	Yea
607	299	Yea
610	299	Yea
623	299	Yea
625	299	Yea
649	299	Yea
654	299	Yea
665	299	Yea
682	299	Yea
693	299	Yea
700	299	Yea
704	299	Yea
36	301	Nay
39	301	Nay
43	301	Yea
45	301	Nay
47	301	Nay
242	301	Yea
325	301	Nay
331	301	Nay
351	301	Nay
390	301	Yea
415	301	Nay
416	301	Nay
442	301	Nay
532	301	Nay
569	301	Nay
582	301	Nay
610	301	Nay
623	301	Yea
625	301	Nay
649	301	Nay
654	301	Nay
665	301	Nay
682	301	Yea
693	301	Nay
700	301	Nay
704	301	Nay
36	302	Nay
39	302	Nay
43	302	Yea
45	302	Nay
47	302	Nay
242	302	Yea
325	302	Yea
331	302	Yea
351	302	Nay
390	302	Yea
415	302	Nay
416	302	Nay
442	302	Yea
532	302	Yea
569	302	Yea
582	302	Yea
607	302	Yea
610	302	Yea
623	302	Yea
625	302	Yea
649	302	Yea
654	302	Yea
665	302	Yea
682	302	Yea
693	302	Yea
700	302	Yea
704	302	Yea
36	303	Nay
39	303	Nay
43	303	Yea
45	303	Nay
47	303	Nay
242	303	Yea
325	303	Yea
331	303	Yea
351	303	Nay
390	303	Yea
415	303	Nay
416	303	Nay
442	303	Yea
532	303	Yea
569	303	Yea
582	303	Yea
607	303	Yea
610	303	Yea
623	303	Yea
625	303	Yea
649	303	Yea
654	303	Yea
665	303	Yea
682	303	Yea
693	303	Yea
700	303	Yea
704	303	Yea
36	304	Nay
39	304	Nay
43	304	Yea
45	304	Nay
47	304	Nay
242	304	Yea
325	304	Yea
331	304	Yea
351	304	Nay
390	304	Yea
415	304	Nay
416	304	Nay
442	304	Yea
532	304	Yea
569	304	Yea
582	304	Yea
607	304	Yea
610	304	Yea
623	304	Yea
625	304	Yea
649	304	Yea
654	304	Yea
665	304	Yea
682	304	Yea
693	304	Yea
700	304	Yea
704	304	Yea
36	305	Nay
39	305	Nay
43	305	Yea
45	305	Nay
47	305	Nay
242	305	Yea
325	305	Nay
331	305	Yea
351	305	Nay
390	305	Yea
415	305	Nay
416	305	Nay
442	305	Yea
532	305	Yea
569	305	Yea
582	305	Nay
607	305	Nay
610	305	Yea
623	305	Yea
625	305	Nay
649	305	Nay
654	305	Yea
665	305	Nay
682	305	Yea
693	305	Yea
700	305	Yea
704	305	Yea
36	306	Nay
39	306	Nay
43	306	Yea
45	306	Nay
47	306	Nay
242	306	Yea
325	306	Nay
331	306	Yea
351	306	Nay
390	306	Yea
415	306	Yea
416	306	Nay
442	306	Nay
532	306	Yea
569	306	Nay
582	306	Yea
607	306	Yea
610	306	Yea
623	306	Yea
625	306	Nay
649	306	Nay
654	306	Nay
665	306	Yea
682	306	Yea
693	306	Yea
700	306	Nay
704	306	Yea
36	307	Nay
39	307	Nay
43	307	Yea
45	307	Nay
47	307	Nay
242	307	Yea
325	307	Yea
331	307	Yea
351	307	Nay
390	307	Yea
415	307	Yea
416	307	Nay
442	307	Nay
532	307	Nay
569	307	Nay
582	307	Nay
607	307	Nay
610	307	Nay
623	307	Yea
625	307	Nay
649	307	Nay
654	307	Nay
665	307	Nay
682	307	Yea
693	307	Nay
700	307	Nay
704	307	Nay
36	311	Nay
39	311	Nay
43	311	Yea
45	311	Nay
47	311	Nay
242	311	Yea
325	311	Yea
331	311	Nay
351	311	Nay
390	311	Yea
415	311	Yea
416	311	Nay
442	311	Nay
532	311	Nay
569	311	Nay
582	311	Nay
607	311	Nay
610	311	Nay
623	311	Yea
625	311	Yea
649	311	Nay
654	311	Nay
665	311	Nay
682	311	Yea
693	311	Yea
700	311	Yea
704	311	Yea
36	314	Nay
39	314	Nay
43	314	Yea
45	314	Nay
47	314	Nay
242	314	Yea
325	314	Yea
331	314	Yea
351	314	Nay
390	314	Yea
415	314	Yea
416	314	Nay
442	314	Yea
532	314	Nay
569	314	Yea
582	314	Yea
607	314	Yea
610	314	Yea
623	314	Yea
625	314	Yea
649	314	Yea
654	314	Yea
665	314	Yea
682	314	Yea
693	314	Nay
700	314	Yea
704	314	Yea
36	316	Nay
39	316	Nay
43	316	Yea
45	316	Nay
47	316	Nay
242	316	Yea
325	316	Yea
331	316	Yea
351	316	Nay
390	316	Yea
415	316	Yea
416	316	Nay
442	316	Yea
532	316	Yea
569	316	Yea
582	316	Yea
607	316	Yea
610	316	Yea
623	316	Yea
625	316	Yea
649	316	Yea
654	316	Yea
665	316	Yea
682	316	Yea
693	316	Yea
700	316	Yea
36	317	Nay
39	317	Yea
43	317	Yea
45	317	Nay
47	317	Nay
242	317	Yea
325	317	Yea
331	317	Yea
351	317	Nay
390	317	Yea
415	317	Yea
416	317	Nay
442	317	Yea
532	317	Yea
569	317	Yea
582	317	Yea
607	317	Yea
610	317	Yea
623	317	Yea
625	317	Yea
649	317	Yea
654	317	Yea
665	317	Yea
693	317	Yea
700	317	Yea
704	317	Yea
36	318	Nay
39	318	Nay
43	318	Yea
45	318	Nay
47	318	Nay
325	318	Yea
331	318	Nay
36	322	Nay
39	322	Nay
43	322	Yea
45	322	Nay
47	322	Nay
242	322	Yea
325	322	Nay
331	322	Nay
351	322	Nay
390	322	Yea
415	322	Yea
416	322	Nay
442	322	Nay
532	322	Nay
569	322	Nay
582	322	Yea
607	322	Nay
610	322	Nay
623	322	Yea
625	322	Yea
654	322	Yea
665	322	Yea
682	322	Yea
693	322	Nay
700	322	Nay
704	322	Nay
36	323	Nay
39	323	Nay
43	323	Yea
45	323	Nay
47	323	Nay
242	323	Yea
325	323	Yea
331	323	Yea
351	323	Nay
390	323	Yea
415	323	Nay
416	323	Nay
442	323	Yea
532	323	Yea
569	323	Yea
582	323	Yea
607	323	Yea
610	323	Yea
623	323	Yea
625	323	Yea
649	323	Yea
654	323	Yea
665	323	Yea
682	323	Yea
693	323	Yea
700	323	Yea
704	323	Yea
36	325	Nay
43	325	Yea
45	325	Nay
47	325	Nay
242	325	Yea
325	325	Yea
331	325	Yea
351	325	Nay
390	325	Yea
415	325	Nay
416	325	Nay
442	325	Nay
532	325	Yea
569	325	Yea
582	325	Yea
607	325	Yea
610	325	Yea
623	325	Yea
625	325	Yea
649	325	Yea
654	325	Yea
665	325	Yea
682	325	Yea
693	325	Yea
700	325	Yea
704	325	Nay
36	326	Nay
39	326	Nay
43	326	Yea
45	326	Nay
47	326	Nay
242	326	Yea
325	326	Nay
331	326	Yea
351	326	Nay
390	326	Yea
415	326	Nay
416	326	Nay
442	326	Nay
532	326	Nay
569	326	Nay
582	326	Yea
607	326	Nay
610	326	Nay
623	326	Yea
625	326	Nay
654	326	Nay
665	326	Nay
693	326	Nay
700	326	Nay
704	326	Nay
36	327	Nay
39	327	Nay
43	327	Yea
45	327	Nay
47	327	Nay
242	327	Yea
325	327	Nay
331	327	Nay
351	327	Nay
390	327	Yea
415	327	Yea
416	327	Nay
442	327	Nay
532	327	Nay
569	327	Nay
582	327	Nay
607	327	Nay
610	327	Nay
623	327	Yea
625	327	Nay
649	327	Nay
654	327	Nay
665	327	Nay
682	327	Yea
693	327	Nay
700	327	Yea
704	327	Nay
36	328	Nay
39	328	Nay
43	328	Yea
45	328	Nay
47	328	Nay
242	328	Yea
325	328	Nay
331	328	Nay
351	328	Nay
390	328	Yea
442	328	Nay
532	328	Yea
569	328	Nay
582	328	Nay
607	328	Nay
610	328	Nay
623	328	Yea
625	328	Nay
649	328	Nay
654	328	Nay
665	328	Nay
682	328	Yea
693	328	Yea
700	328	Yea
704	328	Nay
36	329	Nay
39	329	Nay
43	329	Yea
45	329	Nay
47	329	Nay
242	329	Yea
325	329	Yea
331	329	Yea
390	329	Yea
415	329	Nay
416	329	Yea
442	329	Yea
532	329	Yea
569	329	Yea
582	329	Yea
607	329	Yea
610	329	Yea
623	329	Yea
625	329	Yea
649	329	Yea
654	329	Yea
665	329	Yea
682	329	Yea
693	329	Yea
700	329	Yea
704	329	Yea
36	340	Nay
39	340	Nay
43	340	Yea
45	340	Nay
47	340	Nay
242	340	Yea
325	340	Nay
331	340	Nay
351	340	Nay
390	340	Yea
415	340	Yea
416	340	Nay
442	340	Nay
532	340	Nay
582	340	Nay
607	340	Yea
610	340	Yea
623	340	Yea
625	340	Yea
649	340	Yea
654	340	Yea
665	340	Yea
36	341	Nay
39	341	Nay
43	341	Yea
45	341	Nay
47	341	Nay
242	341	Yea
325	341	Yea
331	341	Yea
351	341	Nay
390	341	Yea
415	341	Nay
416	341	Nay
442	341	Yea
532	341	Yea
569	341	Yea
582	341	Yea
610	341	Yea
623	341	Yea
625	341	Yea
649	341	Yea
654	341	Yea
665	341	Yea
682	341	Yea
693	341	Yea
700	341	Yea
704	341	Yea
36	342	Nay
39	342	Nay
43	342	Yea
45	342	Nay
47	342	Nay
242	342	Yea
325	342	Yea
331	342	Yea
351	342	Nay
390	342	Yea
415	342	Nay
416	342	Nay
442	342	Yea
532	342	Yea
569	342	Yea
582	342	Yea
607	342	Yea
610	342	Yea
623	342	Yea
625	342	Yea
649	342	Yea
654	342	Yea
665	342	Yea
682	342	Yea
693	342	Yea
700	342	Yea
704	342	Yea
36	344	Nay
39	344	Nay
43	344	Yea
45	344	Nay
47	344	Nay
242	344	Yea
325	344	Nay
331	344	Nay
351	344	Nay
390	344	Yea
415	344	Nay
416	344	Nay
442	344	Nay
532	344	Nay
569	344	Nay
582	344	Nay
607	344	Nay
610	344	Nay
623	344	Yea
625	344	Nay
649	344	Nay
654	344	Nay
665	344	Nay
682	344	Yea
693	344	Nay
700	344	Nay
704	344	Nay
36	352	Nay
39	352	Nay
43	352	Yea
45	352	Nay
47	352	Nay
242	352	Yea
325	352	Yea
331	352	Yea
351	352	Nay
390	352	Yea
415	352	Yea
416	352	Nay
442	352	Yea
532	352	Yea
569	352	Yea
582	352	Yea
607	352	Yea
610	352	Yea
623	352	Yea
625	352	Yea
649	352	Yea
654	352	Yea
665	352	Yea
682	352	Yea
693	352	Yea
700	352	Yea
704	352	Yea
36	353	Nay
39	353	Nay
43	353	Yea
45	353	Nay
47	353	Nay
242	353	Nay
325	353	Yea
331	353	Yea
390	353	Yea
415	353	Nay
416	353	Nay
442	353	Yea
532	353	Yea
569	353	Nay
582	353	Yea
607	353	Nay
610	353	Yea
623	353	Yea
625	353	Nay
649	353	Nay
654	353	Nay
665	353	Nay
682	353	Yea
693	353	Nay
700	353	Nay
704	353	Nay
36	354	Nay
39	354	Nay
43	354	Yea
45	354	Nay
47	354	Nay
242	354	Yea
351	354	Nay
390	354	Yea
415	354	Nay
416	354	Nay
442	354	Nay
532	354	Nay
569	354	Nay
582	354	Nay
607	354	Nay
610	354	Nay
623	354	Yea
625	354	Nay
649	354	Nay
654	354	Yea
665	354	Nay
682	354	Yea
693	354	Nay
700	354	Nay
704	354	Nay
36	355	Nay
39	355	Nay
43	355	Yea
45	355	Nay
47	355	Nay
242	355	Yea
325	355	Nay
331	355	Nay
351	355	Nay
390	355	Yea
415	355	Nay
416	355	Nay
442	355	Nay
532	355	Nay
569	355	Nay
582	355	Nay
607	355	Nay
610	355	Nay
623	355	Yea
625	355	Nay
649	355	Nay
654	355	Nay
665	355	Nay
682	355	Yea
693	355	Nay
700	355	Nay
704	355	Nay
36	357	Nay
39	357	Nay
43	357	Yea
45	357	Nay
47	357	Nay
242	357	Yea
325	357	Yea
331	357	Yea
351	357	Nay
390	357	Yea
415	357	Nay
416	357	Nay
442	357	Yea
532	357	Yea
569	357	Yea
582	357	Yea
607	357	Yea
610	357	Yea
623	357	Yea
625	357	Yea
649	357	Yea
654	357	Yea
665	357	Yea
682	357	Yea
693	357	Yea
700	357	Yea
704	357	Yea
36	359	Nay
39	359	Nay
43	359	Yea
45	359	Nay
47	359	Nay
242	359	Yea
325	359	Nay
331	359	Nay
351	359	Nay
390	359	Yea
415	359	Yea
416	359	Nay
442	359	Yea
532	359	Nay
569	359	Yea
582	359	Yea
607	359	Yea
610	359	Nay
623	359	Yea
625	359	Yea
654	359	Yea
665	359	Yea
682	359	Yea
693	359	Yea
700	359	Yea
704	359	Yea
36	360	Nay
39	360	Nay
43	360	Yea
45	360	Nay
47	360	Nay
242	360	Yea
351	360	Nay
390	360	Yea
415	360	Yea
416	360	Nay
442	360	Nay
532	360	Nay
582	360	Nay
607	360	Nay
610	360	Nay
623	360	Yea
625	360	Yea
654	360	Nay
665	360	Nay
682	360	Yea
36	362	Nay
39	362	Nay
43	362	Yea
45	362	Nay
47	362	Nay
242	362	Yea
325	362	Yea
331	362	Yea
351	362	Nay
390	362	Yea
415	362	Nay
416	362	Nay
442	362	Yea
532	362	Yea
569	362	Yea
582	362	Yea
607	362	Yea
610	362	Yea
623	362	Yea
625	362	Yea
649	362	Yea
665	362	Yea
682	362	Yea
704	362	Yea
36	374	Nay
39	374	Nay
43	374	Yea
45	374	Nay
47	374	Nay
242	374	Yea
325	374	Nay
331	374	Nay
351	374	Nay
390	374	Yea
415	374	Yea
416	374	Nay
442	374	Nay
532	374	Nay
569	374	Nay
582	374	Nay
607	374	Nay
623	374	Yea
625	374	Nay
649	374	Nay
654	374	Nay
665	374	Nay
693	374	Nay
700	374	Nay
704	374	Nay
36	375	Nay
39	375	Nay
43	375	Yea
45	375	Nay
47	375	Nay
242	375	Yea
325	375	Yea
331	375	Yea
351	375	Nay
390	375	Yea
415	375	Nay
416	375	Nay
442	375	Yea
532	375	Yea
569	375	Yea
582	375	Yea
607	375	Yea
610	375	Yea
623	375	Yea
625	375	Yea
649	375	Yea
654	375	Yea
665	375	Yea
693	375	Yea
700	375	Yea
704	375	Yea
36	377	Nay
39	377	Nay
43	377	Yea
45	377	Nay
47	377	Nay
242	377	Yea
325	377	Nay
331	377	Nay
351	377	Nay
390	377	Yea
415	377	Nay
416	377	Nay
442	377	Nay
532	377	Nay
569	377	Nay
582	377	Nay
607	377	Nay
610	377	Nay
623	377	Yea
625	377	Nay
649	377	Nay
654	377	Nay
665	377	Nay
682	377	Yea
693	377	Nay
700	377	Nay
704	377	Nay
36	378	Nay
39	378	Nay
43	378	Yea
45	378	Nay
47	378	Nay
242	378	Yea
325	378	Yea
331	378	Yea
351	378	Nay
390	378	Yea
415	378	Yea
416	378	Nay
442	378	Yea
569	378	Yea
582	378	Yea
607	378	Yea
610	378	Yea
623	378	Yea
625	378	Yea
649	378	Yea
654	378	Yea
665	378	Yea
682	378	Yea
693	378	Yea
700	378	Yea
704	378	Yea
36	380	Nay
39	380	Nay
43	380	Yea
45	380	Nay
47	380	Nay
242	380	Yea
325	380	Yea
331	380	Yea
351	380	Nay
390	380	Yea
415	380	Yea
416	380	Nay
442	380	Yea
532	380	Yea
569	380	Yea
582	380	Yea
607	380	Yea
610	380	Yea
623	380	Yea
625	380	Yea
649	380	Yea
654	380	Yea
665	380	Yea
682	380	Yea
693	380	Yea
700	380	Yea
704	380	Yea
36	405	Nay
39	405	Nay
43	405	Yea
45	405	Nay
47	405	Nay
242	405	Yea
325	405	Yea
331	405	Yea
351	405	Nay
390	405	Yea
415	405	Yea
416	405	Nay
532	405	Yea
569	405	Yea
607	405	Yea
610	405	Yea
623	405	Yea
625	405	Yea
649	405	Yea
665	405	Yea
693	405	Yea
700	405	Yea
704	405	Yea
36	406	Nay
39	406	Nay
43	406	Yea
45	406	Nay
47	406	Nay
242	406	Yea
325	406	Yea
331	406	Yea
351	406	Nay
390	406	Yea
415	406	Nay
416	406	Nay
442	406	Yea
532	406	Nay
569	406	Yea
582	406	Nay
607	406	Nay
610	406	Nay
623	406	Yea
625	406	Nay
649	406	Nay
654	406	Nay
665	406	Nay
682	406	Yea
693	406	Nay
700	406	Yea
704	406	Nay
242	407	Yea
325	407	Nay
331	407	Nay
351	407	Nay
390	407	Yea
415	407	Nay
416	407	Nay
442	407	Nay
532	407	Yea
569	407	Nay
582	407	Nay
607	407	Nay
610	407	Yea
623	407	Yea
625	407	Yea
649	407	Yea
654	407	Nay
665	407	Nay
682	407	Yea
693	407	Yea
700	407	Yea
704	407	Yea
36	408	Nay
39	408	Nay
43	408	Yea
45	408	Nay
47	408	Nay
242	408	Yea
325	408	Nay
331	408	Nay
351	408	Nay
390	408	Yea
415	408	Nay
416	408	Nay
442	408	Nay
532	408	Nay
569	408	Nay
582	408	Yea
607	408	Nay
610	408	Nay
623	408	Yea
625	408	Nay
649	408	Nay
654	408	Nay
665	408	Nay
682	408	Yea
693	408	Nay
700	408	Nay
704	408	Yea
36	409	Nay
39	409	Nay
43	409	Yea
45	409	Nay
47	409	Nay
242	409	Yea
325	409	Yea
331	409	Yea
351	409	Nay
390	409	Yea
415	409	Yea
416	409	Nay
442	409	Yea
532	409	Yea
569	409	Yea
582	409	Yea
607	409	Yea
610	409	Yea
623	409	Yea
625	409	Yea
654	409	Yea
665	409	Yea
682	409	Yea
693	409	Yea
700	409	Yea
704	409	Yea
36	413	Nay
39	413	Nay
43	413	Yea
45	413	Nay
47	413	Nay
242	413	Yea
325	413	Nay
331	413	Nay
351	413	Nay
390	413	Yea
415	413	Nay
416	413	Yea
569	413	Nay
607	413	Nay
610	413	Nay
623	413	Yea
625	413	Nay
649	413	Nay
654	413	Nay
665	413	Nay
682	413	Yea
693	413	Nay
700	413	Nay
704	413	Yea
36	415	Nay
39	415	Nay
43	415	Yea
45	415	Nay
47	415	Nay
242	415	Yea
325	415	Nay
331	415	Nay
351	415	Nay
390	415	Yea
415	415	Nay
416	415	Nay
442	415	Yea
532	415	Nay
569	415	Nay
582	415	Nay
607	415	Nay
610	415	Nay
623	415	Yea
649	415	Nay
654	415	Yea
665	415	Nay
682	415	Yea
693	415	Nay
700	415	Nay
704	415	Yea
36	416	Nay
39	416	Nay
43	416	Yea
45	416	Nay
47	416	Nay
242	416	Yea
325	416	Yea
331	416	Yea
351	416	Nay
390	416	Yea
415	416	Nay
416	416	Nay
442	416	Yea
532	416	Yea
569	416	Yea
582	416	Yea
607	416	Yea
610	416	Yea
623	416	Yea
625	416	Yea
649	416	Yea
654	416	Yea
665	416	Yea
682	416	Yea
693	416	Yea
700	416	Yea
704	416	Yea
36	418	Nay
39	418	Nay
43	418	Yea
45	418	Nay
47	418	Nay
242	418	Yea
325	418	Nay
331	418	Nay
390	418	Yea
415	418	Yea
416	418	Nay
442	418	Yea
532	418	Nay
36	422	Nay
39	422	Nay
43	422	Yea
45	422	Nay
47	422	Nay
242	422	Yea
325	422	Yea
331	422	Yea
351	422	Nay
390	422	Yea
415	422	Yea
416	422	Nay
442	422	Yea
532	422	Yea
569	422	Yea
582	422	Yea
607	422	Yea
610	422	Yea
623	422	Yea
625	422	Yea
649	422	Yea
654	422	Yea
665	422	Yea
682	422	Yea
693	422	Yea
700	422	Yea
704	422	Yea
36	423	Nay
39	423	Nay
43	423	Yea
45	423	Nay
47	423	Nay
242	423	Yea
325	423	Nay
331	423	Nay
351	423	Nay
390	423	Yea
415	423	Yea
416	423	Nay
442	423	Nay
532	423	Nay
569	423	Nay
582	423	Nay
607	423	Nay
610	423	Nay
623	423	Yea
625	423	Nay
654	423	Nay
665	423	Nay
682	423	Yea
693	423	Nay
700	423	Nay
704	423	Yea
36	424	Nay
39	424	Nay
43	424	Yea
45	424	Nay
47	424	Nay
242	424	Yea
325	424	Yea
331	424	Yea
351	424	Nay
390	424	Yea
415	424	Yea
416	424	Yea
442	424	Nay
532	424	Yea
569	424	Yea
582	424	Yea
607	424	Yea
610	424	Yea
623	424	Yea
625	424	Yea
649	424	Yea
654	424	Yea
665	424	Yea
700	424	Yea
704	424	Yea
36	425	Nay
39	425	Nay
43	425	Yea
45	425	Nay
47	425	Nay
242	425	Yea
325	425	Nay
331	425	Nay
351	425	Nay
390	425	Yea
415	425	Nay
416	425	Yea
442	425	Nay
532	425	Nay
569	425	Nay
582	425	Nay
607	425	Nay
610	425	Nay
623	425	Yea
625	425	Nay
649	425	Nay
665	425	Nay
682	425	Yea
693	425	Nay
700	425	Nay
704	425	Yea
36	426	Nay
39	426	Nay
43	426	Yea
45	426	Nay
47	426	Nay
242	426	Yea
325	426	Nay
331	426	Nay
351	426	Nay
390	426	Yea
415	426	Yea
416	426	Nay
442	426	Nay
532	426	Nay
569	426	Nay
582	426	Nay
607	426	Nay
610	426	Nay
623	426	Yea
625	426	Nay
649	426	Nay
654	426	Nay
665	426	Nay
682	426	Yea
693	426	Nay
700	426	Nay
704	426	Nay
36	427	Nay
39	427	Nay
43	427	Yea
45	427	Nay
47	427	Nay
242	427	Yea
325	427	Nay
331	427	Nay
351	427	Nay
390	427	Yea
415	427	Yea
416	427	Nay
442	427	Nay
532	427	Nay
569	427	Nay
582	427	Nay
607	427	Nay
610	427	Nay
623	427	Yea
625	427	Nay
649	427	Nay
654	427	Nay
665	427	Nay
682	427	Yea
693	427	Nay
700	427	Nay
704	427	Nay
36	434	Nay
39	434	Nay
43	434	Yea
45	434	Nay
47	434	Nay
242	434	Yea
325	434	Nay
331	434	Nay
351	434	Nay
390	434	Yea
415	434	Nay
416	434	Nay
442	434	Nay
532	434	Nay
569	434	Nay
582	434	Nay
607	434	Nay
610	434	Nay
623	434	Yea
649	434	Nay
654	434	Nay
665	434	Nay
682	434	Yea
693	434	Nay
700	434	Nay
704	434	Nay
36	437	Nay
39	437	Nay
43	437	Yea
45	437	Nay
47	437	Nay
242	437	Yea
325	437	Yea
331	437	Yea
351	437	Nay
390	437	Yea
415	437	Nay
416	437	Yea
442	437	Yea
532	437	Yea
569	437	Yea
582	437	Yea
607	437	Yea
610	437	Yea
623	437	Yea
625	437	Yea
649	437	Yea
654	437	Yea
665	437	Yea
682	437	Yea
693	437	Yea
700	437	Yea
704	437	Yea
36	438	Nay
39	438	Nay
43	438	Yea
45	438	Nay
47	438	Nay
242	438	Yea
325	438	Nay
331	438	Nay
351	438	Nay
390	438	Yea
415	438	Nay
416	438	Nay
442	438	Nay
532	438	Nay
569	438	Nay
582	438	Nay
607	438	Nay
610	438	Nay
623	438	Yea
625	438	Nay
649	438	Nay
654	438	Nay
665	438	Nay
682	438	Yea
693	438	Nay
700	438	Nay
704	438	Nay
36	441	Nay
39	441	Nay
43	441	Yea
45	441	Nay
47	441	Nay
242	441	Yea
325	441	Yea
331	441	Yea
351	441	Nay
415	441	Yea
416	441	Nay
442	441	Yea
532	441	Yea
569	441	Yea
582	441	Yea
607	441	Yea
610	441	Yea
623	441	Yea
625	441	Yea
654	441	Yea
665	441	Yea
693	441	Yea
700	441	Yea
704	441	Yea
36	442	Nay
39	442	Nay
43	442	Yea
45	442	Nay
47	442	Nay
242	442	Yea
325	442	Yea
331	442	Yea
351	442	Nay
390	442	Yea
415	442	Yea
416	442	Nay
442	442	Yea
532	442	Yea
569	442	Yea
582	442	Yea
607	442	Yea
610	442	Yea
623	442	Yea
625	442	Yea
665	442	Yea
682	442	Yea
693	442	Nay
700	442	Nay
704	442	Nay
36	443	Nay
39	443	Nay
43	443	Yea
45	443	Nay
47	443	Nay
242	443	Yea
325	443	Nay
331	443	Nay
351	443	Nay
390	443	Yea
415	443	Nay
416	443	Nay
442	443	Nay
532	443	Nay
569	443	Nay
582	443	Nay
607	443	Nay
610	443	Nay
649	443	Nay
654	443	Nay
665	443	Nay
682	443	Yea
693	443	Nay
700	443	Nay
704	443	Nay
36	446	Nay
39	446	Nay
43	446	Yea
45	446	Nay
47	446	Nay
242	446	Yea
325	446	Yea
331	446	Yea
351	446	Nay
390	446	Yea
415	446	Nay
416	446	Nay
442	446	Yea
532	446	Yea
569	446	Yea
607	446	Yea
610	446	Yea
623	446	Yea
625	446	Yea
649	446	Yea
654	446	Yea
665	446	Yea
682	446	Yea
693	446	Yea
700	446	Yea
704	446	Yea
36	458	Nay
39	458	Nay
43	458	Yea
45	458	Nay
47	458	Nay
242	458	Yea
325	458	Nay
331	458	Nay
351	458	Nay
390	458	Yea
415	458	Nay
416	458	Nay
442	458	Yea
532	458	Yea
569	458	Yea
582	458	Yea
607	458	Yea
610	458	Yea
623	458	Yea
625	458	Yea
649	458	Yea
654	458	Yea
665	458	Nay
682	458	Yea
693	458	Yea
700	458	Yea
704	458	Yea
36	463	Nay
39	463	Nay
43	463	Yea
45	463	Nay
47	463	Nay
242	463	Yea
325	463	Yea
331	463	Yea
351	463	Nay
390	463	Yea
415	463	Yea
416	463	Nay
442	463	Yea
532	463	Yea
569	463	Yea
582	463	Yea
607	463	Yea
610	463	Yea
623	463	Yea
625	463	Yea
649	463	Yea
654	463	Yea
665	463	Yea
682	463	Yea
693	463	Yea
700	463	Yea
704	463	Yea
36	465	Nay
39	465	Nay
43	465	Yea
45	465	Nay
47	465	Nay
242	465	Yea
325	465	Nay
331	465	Nay
351	465	Nay
390	465	Yea
415	465	Yea
416	465	Nay
442	465	Yea
532	465	Nay
569	465	Nay
582	465	Nay
607	465	Nay
610	465	Nay
623	465	Yea
625	465	Nay
649	465	Nay
654	465	Nay
665	465	Nay
682	465	Yea
693	465	Nay
700	465	Nay
704	465	Yea
36	467	Nay
39	467	Nay
43	467	Yea
45	467	Nay
47	467	Nay
242	467	Yea
325	467	Yea
331	467	Yea
351	467	Nay
390	467	Yea
415	467	Nay
416	467	Nay
442	467	Yea
532	467	Yea
569	467	Yea
607	467	Yea
610	467	Yea
623	467	Yea
649	467	Yea
654	467	Yea
665	467	Yea
682	467	Yea
693	467	Yea
700	467	Yea
704	467	Yea
36	482	Nay
39	482	Nay
43	482	Yea
45	482	Nay
47	482	Nay
242	482	Yea
325	482	Yea
331	482	Yea
351	482	Nay
390	482	Yea
415	482	Nay
416	482	Nay
442	482	Yea
532	482	Yea
569	482	Yea
582	482	Yea
607	482	Nay
610	482	Yea
623	482	Yea
625	482	Yea
649	482	Yea
654	482	Yea
665	482	Yea
682	482	Yea
693	482	Nay
700	482	Yea
704	482	Yea
36	483	Nay
39	483	Nay
43	483	Yea
45	483	Nay
47	483	Nay
242	483	Yea
325	483	Nay
331	483	Yea
351	483	Nay
390	483	Yea
415	483	Yea
416	483	Nay
442	483	Yea
532	483	Nay
569	483	Nay
582	483	Nay
607	483	Nay
610	483	Nay
623	483	Yea
625	483	Nay
654	483	Nay
665	483	Nay
682	483	Yea
693	483	Nay
700	483	Nay
704	483	Nay
36	484	Nay
39	484	Nay
43	484	Yea
45	484	Nay
47	484	Nay
242	484	Yea
325	484	Yea
331	484	Yea
351	484	Nay
390	484	Yea
415	484	Nay
416	484	Nay
442	484	Yea
532	484	Nay
569	484	Nay
582	484	Nay
607	484	Nay
610	484	Nay
623	484	Yea
625	484	Nay
649	484	Nay
654	484	Nay
665	484	Nay
682	484	Yea
693	484	Yea
700	484	Yea
704	484	Yea
36	485	Nay
39	485	Nay
43	485	Yea
45	485	Nay
47	485	Nay
242	485	Yea
325	485	Nay
331	485	Nay
351	485	Nay
390	485	Yea
415	485	Yea
416	485	Nay
442	485	Nay
532	485	Nay
582	485	Nay
607	485	Nay
610	485	Nay
623	485	Yea
625	485	Nay
649	485	Nay
654	485	Nay
665	485	Nay
693	485	Nay
700	485	Nay
704	485	Nay
36	486	Nay
39	486	Nay
43	486	Yea
45	486	Nay
47	486	Nay
242	486	Yea
325	486	Yea
331	486	Yea
351	486	Nay
390	486	Yea
415	486	Yea
416	486	Nay
442	486	Yea
532	486	Yea
569	486	Yea
582	486	Yea
607	486	Yea
610	486	Yea
623	486	Yea
625	486	Yea
649	486	Yea
654	486	Yea
665	486	Yea
682	486	Yea
693	486	Yea
700	486	Yea
704	486	Yea
36	487	Nay
39	487	Nay
43	487	Yea
45	487	Nay
47	487	Nay
242	487	Yea
325	487	Yea
331	487	Yea
351	487	Nay
390	487	Yea
415	487	Nay
416	487	Nay
442	487	Yea
532	487	Yea
569	487	Yea
582	487	Yea
607	487	Yea
610	487	Yea
623	487	Yea
625	487	Yea
649	487	Yea
654	487	Yea
665	487	Yea
682	487	Yea
693	487	Yea
700	487	Yea
36	488	Nay
39	488	Nay
43	488	Yea
45	488	Nay
47	488	Nay
242	488	Yea
325	488	Yea
331	488	Yea
351	488	Nay
390	488	Yea
415	488	Nay
416	488	Nay
442	488	Yea
532	488	Yea
569	488	Yea
582	488	Yea
607	488	Yea
610	488	Yea
623	488	Yea
625	488	Yea
649	488	Yea
654	488	Yea
665	488	Yea
682	488	Yea
693	488	Yea
700	488	Yea
704	488	Yea
36	491	Nay
39	491	Nay
43	491	Yea
45	491	Nay
47	491	Nay
242	491	Yea
325	491	Yea
331	491	Nay
351	491	Nay
390	491	Yea
415	491	Yea
416	491	Nay
442	491	Yea
532	491	Yea
569	491	Yea
582	491	Yea
607	491	Nay
610	491	Yea
623	491	Yea
625	491	Yea
649	491	Nay
654	491	Nay
665	491	Nay
682	491	Yea
693	491	Yea
700	491	Yea
704	491	Yea
36	505	Nay
39	505	Yea
43	505	Yea
45	505	Nay
47	505	Nay
242	505	Yea
325	505	Nay
331	505	Nay
351	505	Nay
390	505	Yea
415	505	Yea
416	505	Nay
442	505	Nay
532	505	Nay
569	505	Nay
582	505	Nay
607	505	Nay
610	505	Nay
623	505	Yea
625	505	Nay
649	505	Nay
654	505	Nay
665	505	Nay
682	505	Yea
693	505	Nay
700	505	Nay
704	505	Nay
36	506	Nay
39	506	Nay
43	506	Yea
45	506	Nay
47	506	Nay
242	506	Yea
325	506	Yea
331	506	Nay
351	506	Nay
390	506	Yea
415	506	Yea
416	506	Nay
442	506	Nay
532	506	Nay
569	506	Nay
582	506	Yea
607	506	Yea
610	506	Yea
623	506	Yea
625	506	Nay
649	506	Nay
654	506	Yea
665	506	Nay
682	506	Yea
693	506	Yea
700	506	Yea
704	506	Yea
36	507	Nay
39	507	Nay
43	507	Yea
45	507	Nay
47	507	Nay
242	507	Yea
325	507	Nay
331	507	Nay
351	507	Nay
390	507	Yea
415	507	Yea
416	507	Nay
442	507	Nay
532	507	Yea
569	507	Yea
582	507	Yea
607	507	Yea
610	507	Nay
623	507	Yea
625	507	Yea
649	507	Yea
654	507	Yea
665	507	Yea
682	507	Yea
693	507	Yea
700	507	Nay
704	507	Nay
36	508	Nay
39	508	Nay
43	508	Yea
47	508	Nay
242	508	Yea
325	508	Yea
331	508	Yea
351	508	Nay
390	508	Yea
415	508	Yea
416	508	Nay
442	508	Yea
532	508	Yea
569	508	Yea
582	508	Yea
607	508	Yea
610	508	Yea
623	508	Yea
649	508	Yea
654	508	Yea
665	508	Yea
682	508	Yea
693	508	Yea
700	508	Yea
704	508	Yea
36	509	Nay
39	509	Nay
43	509	Yea
45	509	Nay
47	509	Nay
242	509	Yea
325	509	Nay
331	509	Nay
351	509	Nay
390	509	Yea
415	509	Nay
416	509	Nay
442	509	Nay
532	509	Yea
569	509	Yea
582	509	Nay
607	509	Yea
610	509	Nay
623	509	Yea
625	509	Nay
649	509	Yea
654	509	Nay
665	509	Nay
682	509	Yea
693	509	Yea
700	509	Nay
704	509	Yea
36	511	Nay
39	511	Nay
43	511	Yea
45	511	Nay
47	511	Nay
242	511	Yea
325	511	Yea
331	511	Yea
351	511	Nay
390	511	Yea
415	511	Nay
416	511	Nay
442	511	Yea
532	511	Yea
569	511	Yea
582	511	Yea
607	511	Yea
610	511	Yea
623	511	Yea
625	511	Nay
649	511	Yea
654	511	Yea
665	511	Nay
682	511	Yea
693	511	Yea
700	511	Yea
704	511	Yea
36	513	Nay
39	513	Nay
43	513	Yea
45	513	Nay
47	513	Nay
242	513	Yea
325	513	Yea
331	513	Yea
351	513	Nay
390	513	Yea
415	513	Nay
416	513	Nay
442	513	Yea
532	513	Yea
569	513	Yea
582	513	Yea
607	513	Yea
610	513	Yea
623	513	Yea
625	513	Yea
649	513	Yea
654	513	Yea
665	513	Yea
682	513	Yea
693	513	Yea
700	513	Yea
704	513	Yea
36	521	Nay
39	521	Nay
43	521	Yea
45	521	Nay
47	521	Nay
325	521	Nay
331	521	Nay
351	521	Nay
390	521	Yea
415	521	Nay
416	521	Nay
442	521	Nay
532	521	Nay
569	521	Nay
582	521	Nay
607	521	Nay
610	521	Nay
623	521	Yea
625	521	Nay
649	521	Nay
654	521	Nay
665	521	Nay
682	521	Yea
693	521	Nay
700	521	Nay
704	521	Yea
36	522	Nay
39	522	Nay
43	522	Yea
45	522	Nay
47	522	Nay
242	522	Yea
325	522	Yea
331	522	Yea
351	522	Nay
390	522	Yea
415	522	Nay
416	522	Nay
442	522	Yea
532	522	Yea
569	522	Yea
582	522	Yea
607	522	Yea
610	522	Yea
623	522	Yea
625	522	Yea
649	522	Yea
654	522	Yea
665	522	Yea
682	522	Yea
693	522	Yea
700	522	Yea
704	522	Yea
36	530	Nay
39	530	Nay
43	530	Yea
45	530	Nay
47	530	Nay
242	530	Yea
325	530	Yea
331	530	Yea
351	530	Nay
390	530	Yea
415	530	Yea
416	530	Nay
442	530	Yea
532	530	Yea
569	530	Nay
582	530	Nay
607	530	Yea
610	530	Yea
623	530	Yea
625	530	Yea
649	530	Nay
654	530	Yea
665	530	Yea
682	530	Yea
693	530	Nay
700	530	Yea
704	530	Nay
36	531	Nay
39	531	Nay
43	531	Yea
45	531	Nay
47	531	Nay
242	531	Yea
325	531	Yea
331	531	Yea
351	531	Nay
390	531	Yea
415	531	Yea
416	531	Nay
442	531	Yea
532	531	Yea
569	531	Yea
582	531	Yea
607	531	Yea
610	531	Yea
623	531	Yea
625	531	Yea
649	531	Yea
654	531	Yea
665	531	Yea
693	531	Yea
700	531	Yea
704	531	Yea
36	532	Nay
39	532	Nay
43	532	Yea
45	532	Nay
47	532	Nay
242	532	Yea
325	532	Yea
331	532	Yea
351	532	Nay
390	532	Yea
415	532	Yea
416	532	Nay
442	532	Yea
532	532	Yea
569	532	Yea
582	532	Yea
610	532	Yea
623	532	Yea
625	532	Yea
649	532	Yea
654	532	Yea
665	532	Yea
682	532	Yea
693	532	Yea
700	532	Yea
704	532	Yea
36	534	Nay
39	534	Nay
43	534	Yea
45	534	Nay
47	534	Nay
242	534	Yea
325	534	Yea
331	534	Yea
351	534	Nay
390	534	Yea
415	534	Nay
416	534	Nay
442	534	Yea
532	534	Yea
569	534	Nay
582	534	Yea
607	534	Nay
610	534	Nay
623	534	Yea
625	534	Yea
649	534	Yea
654	534	Yea
665	534	Yea
682	534	Yea
693	534	Yea
700	534	Yea
704	534	Yea
36	535	Nay
39	535	Nay
43	535	Yea
45	535	Nay
47	535	Nay
242	535	Yea
325	535	Yea
331	535	Yea
351	535	Nay
390	535	Yea
415	535	Nay
416	535	Nay
442	535	Yea
532	535	Yea
569	535	Yea
582	535	Yea
607	535	Yea
610	535	Yea
623	535	Yea
625	535	Yea
649	535	Yea
654	535	Yea
665	535	Yea
682	535	Yea
693	535	Yea
700	535	Yea
704	535	Yea
36	536	Nay
39	536	Nay
43	536	Yea
45	536	Nay
47	536	Nay
242	536	Yea
325	536	Yea
331	536	Yea
390	536	Yea
415	536	Nay
416	536	Nay
442	536	Yea
532	536	Yea
582	536	Yea
607	536	Yea
610	536	Yea
623	536	Yea
625	536	Yea
649	536	Yea
654	536	Yea
665	536	Yea
682	536	Yea
693	536	Yea
700	536	Yea
704	536	Yea
36	539	Nay
39	539	Nay
43	539	Yea
45	539	Nay
47	539	Nay
242	539	Yea
325	539	Yea
331	539	Yea
351	539	Nay
390	539	Yea
415	539	Nay
416	539	Nay
442	539	Yea
532	539	Yea
569	539	Yea
582	539	Yea
607	539	Yea
610	539	Yea
623	539	Yea
625	539	Yea
649	539	Yea
654	539	Yea
665	539	Yea
682	539	Yea
693	539	Yea
700	539	Yea
704	539	Yea
36	540	Nay
39	540	Nay
43	540	Yea
45	540	Nay
47	540	Nay
242	540	Yea
325	540	Yea
331	540	Yea
351	540	Nay
390	540	Yea
415	540	Yea
416	540	Nay
442	540	Yea
532	540	Yea
569	540	Yea
582	540	Yea
623	540	Yea
625	540	Yea
654	540	Yea
665	540	Yea
682	540	Yea
693	540	Yea
700	540	Nay
704	540	Yea
36	564	Nay
39	564	Nay
43	564	Yea
47	564	Nay
242	564	Yea
325	564	Yea
331	564	Yea
351	564	Nay
390	564	Yea
415	564	Yea
416	564	Nay
532	564	Yea
569	564	Yea
582	564	Yea
607	564	Yea
610	564	Yea
623	564	Yea
625	564	Yea
654	564	Yea
682	564	Yea
693	564	Yea
700	564	Yea
704	564	Yea
36	565	Nay
39	565	Nay
43	565	Yea
45	565	Nay
47	565	Nay
242	565	Yea
325	565	Yea
331	565	Yea
351	565	Nay
390	565	Yea
415	565	Yea
416	565	Nay
442	565	Yea
532	565	Yea
569	565	Yea
582	565	Nay
607	565	Yea
610	565	Yea
623	565	Yea
625	565	Yea
649	565	Yea
654	565	Yea
665	565	Nay
682	565	Yea
693	565	Yea
700	565	Nay
704	565	Yea
36	566	Nay
39	566	Nay
43	566	Yea
45	566	Nay
47	566	Nay
242	566	Nay
325	566	Nay
331	566	Nay
351	566	Nay
390	566	Yea
415	566	Nay
416	566	Nay
442	566	Nay
532	566	Nay
569	566	Nay
582	566	Nay
607	566	Nay
610	566	Nay
623	566	Yea
625	566	Nay
654	566	Nay
665	566	Nay
682	566	Yea
693	566	Nay
700	566	Yea
704	566	Yea
36	567	Nay
39	567	Nay
43	567	Yea
45	567	Nay
47	567	Nay
242	567	Yea
325	567	Yea
331	567	Yea
351	567	Nay
390	567	Yea
415	567	Yea
416	567	Nay
36	568	Nay
39	568	Nay
43	568	Yea
45	568	Nay
47	568	Nay
242	568	Yea
325	568	Yea
331	568	Yea
351	568	Nay
390	568	Yea
415	568	Yea
416	568	Nay
442	568	Yea
532	568	Yea
582	568	Yea
607	568	Yea
610	568	Yea
623	568	Yea
625	568	Yea
649	568	Yea
654	568	Yea
665	568	Yea
682	568	Yea
693	568	Yea
704	568	Yea
36	569	Nay
39	569	Nay
43	569	Yea
45	569	Nay
47	569	Nay
242	569	Yea
325	569	Nay
331	569	Nay
351	569	Nay
390	569	Yea
415	569	Yea
416	569	Nay
442	569	Yea
532	569	Nay
569	569	Nay
582	569	Nay
607	569	Nay
610	569	Nay
623	569	Yea
625	569	Nay
649	569	Nay
654	569	Nay
665	569	Nay
682	569	Yea
693	569	Nay
700	569	Nay
704	569	Yea
36	570	Nay
39	570	Nay
43	570	Yea
45	570	Nay
47	570	Nay
242	570	Yea
325	570	Yea
331	570	Yea
351	570	Nay
390	570	Yea
415	570	Yea
416	570	Nay
442	570	Yea
532	570	Yea
569	570	Yea
582	570	Yea
607	570	Yea
610	570	Yea
623	570	Yea
625	570	Yea
649	570	Yea
654	570	Yea
665	570	Yea
682	570	Yea
693	570	Yea
700	570	Yea
704	570	Yea
36	571	Nay
39	571	Nay
45	571	Nay
47	571	Nay
242	571	Yea
325	571	Yea
351	571	Nay
390	571	Yea
415	571	Nay
416	571	Nay
532	571	Yea
623	571	Yea
625	571	Yea
654	571	Yea
665	571	Yea
682	571	Yea
693	571	Yea
704	571	Yea
36	575	Nay
39	575	Nay
43	575	Yea
45	575	Nay
47	575	Nay
242	575	Yea
325	575	Yea
331	575	Yea
351	575	Nay
390	575	Yea
415	575	Yea
416	575	Nay
442	575	Yea
532	575	Yea
569	575	Yea
582	575	Yea
607	575	Yea
610	575	Yea
623	575	Yea
625	575	Yea
649	575	Yea
654	575	Yea
665	575	Yea
682	575	Yea
693	575	Yea
700	575	Yea
704	575	Yea
36	578	Nay
39	578	Nay
43	578	Yea
45	578	Nay
47	578	Nay
242	578	Yea
325	578	Nay
331	578	Nay
351	578	Nay
390	578	Yea
415	578	Yea
416	578	Nay
442	578	Nay
532	578	Yea
569	578	Yea
582	578	Nay
607	578	Yea
610	578	Yea
623	578	Yea
625	578	Nay
649	578	Nay
654	578	Yea
665	578	Nay
682	578	Yea
693	578	Nay
700	578	Yea
36	579	Nay
39	579	Nay
43	579	Yea
45	579	Nay
47	579	Nay
242	579	Yea
325	579	Yea
331	579	Yea
351	579	Nay
390	579	Yea
415	579	Yea
416	579	Nay
442	579	Nay
532	579	Yea
569	579	Yea
582	579	Yea
607	579	Nay
610	579	Yea
623	579	Yea
625	579	Yea
649	579	Yea
654	579	Yea
665	579	Nay
682	579	Yea
693	579	Yea
700	579	Yea
704	579	Yea
36	581	Nay
39	581	Nay
43	581	Yea
45	581	Nay
47	581	Nay
242	581	Yea
325	581	Yea
331	581	Yea
351	581	Nay
390	581	Yea
415	581	Yea
416	581	Nay
442	581	Yea
532	581	Nay
582	581	Nay
607	581	Nay
610	581	Nay
623	581	Yea
625	581	Nay
649	581	Nay
654	581	Nay
665	581	Nay
693	581	Yea
700	581	Yea
704	581	Yea
36	585	Nay
39	585	Nay
43	585	Yea
45	585	Nay
47	585	Nay
242	585	Yea
331	585	Yea
351	585	Nay
390	585	Yea
415	585	Nay
416	585	Nay
442	585	Yea
569	585	Yea
582	585	Yea
607	585	Yea
610	585	Yea
649	585	Yea
654	585	Yea
665	585	Yea
682	585	Yea
693	585	Yea
700	585	Yea
704	585	Yea
36	587	Nay
39	587	Nay
43	587	Yea
45	587	Nay
47	587	Nay
242	587	Yea
325	587	Nay
331	587	Nay
351	587	Nay
390	587	Yea
415	587	Yea
416	587	Nay
442	587	Nay
532	587	Nay
569	587	Nay
582	587	Nay
607	587	Nay
610	587	Nay
623	587	Yea
625	587	Nay
654	587	Nay
665	587	Nay
682	587	Yea
693	587	Nay
700	587	Nay
704	587	Nay
36	589	Nay
39	589	Nay
43	589	Yea
45	589	Nay
47	589	Nay
242	589	Yea
325	589	Yea
331	589	Yea
351	589	Nay
390	589	Yea
415	589	Yea
416	589	Yea
442	589	Yea
532	589	Yea
569	589	Yea
607	589	Yea
610	589	Yea
623	589	Yea
625	589	Yea
649	589	Yea
654	589	Nay
665	589	Yea
682	589	Yea
700	589	Nay
704	589	Yea
36	590	Nay
39	590	Nay
43	590	Yea
45	590	Nay
47	590	Yea
242	590	Yea
325	590	Nay
331	590	Nay
351	590	Nay
390	590	Yea
415	590	Nay
416	590	Nay
442	590	Nay
532	590	Nay
569	590	Nay
582	590	Yea
607	590	Yea
610	590	Nay
623	590	Yea
625	590	Nay
649	590	Nay
654	590	Nay
665	590	Nay
682	590	Yea
693	590	Nay
700	590	Nay
704	590	Nay
36	594	Nay
39	594	Nay
43	594	Yea
45	594	Nay
47	594	Nay
242	594	Yea
325	594	Yea
331	594	Yea
351	594	Nay
390	594	Yea
415	594	Yea
416	594	Nay
442	594	Yea
532	594	Yea
569	594	Yea
582	594	Yea
607	594	Yea
610	594	Yea
623	594	Yea
625	594	Yea
649	594	Yea
654	594	Yea
665	594	Yea
682	594	Yea
693	594	Yea
700	594	Yea
704	594	Yea
36	599	Nay
39	599	Yea
43	599	Yea
45	599	Nay
47	599	Nay
242	599	Yea
325	599	Nay
331	599	Nay
351	599	Nay
390	599	Yea
415	599	Nay
416	599	Yea
442	599	Nay
532	599	Nay
569	599	Nay
582	599	Nay
607	599	Nay
610	599	Nay
623	599	Yea
625	599	Nay
649	599	Nay
654	599	Nay
665	599	Nay
682	599	Yea
693	599	Nay
700	599	Nay
704	599	Nay
36	600	Nay
39	600	Nay
43	600	Yea
45	600	Nay
47	600	Nay
242	600	Yea
325	600	Nay
331	600	Nay
351	600	Nay
390	600	Yea
415	600	Nay
416	600	Nay
442	600	Nay
532	600	Nay
569	600	Nay
582	600	Yea
607	600	Nay
610	600	Nay
623	600	Yea
625	600	Nay
649	600	Nay
654	600	Nay
665	600	Nay
682	600	Yea
693	600	Nay
700	600	Nay
704	600	Nay
36	602	Nay
39	602	Nay
43	602	Yea
45	602	Nay
47	602	Nay
242	602	Yea
325	602	Nay
331	602	Nay
351	602	Nay
390	602	Yea
415	602	Nay
416	602	Nay
442	602	Nay
532	602	Nay
569	602	Nay
582	602	Nay
607	602	Nay
610	602	Nay
623	602	Yea
625	602	Nay
649	602	Nay
654	602	Nay
665	602	Nay
682	602	Yea
693	602	Nay
700	602	Nay
704	602	Nay
36	603	Nay
39	603	Nay
43	603	Yea
45	603	Nay
47	603	Nay
242	603	Yea
325	603	Yea
331	603	Yea
351	603	Nay
390	603	Yea
415	603	Yea
416	603	Nay
442	603	Yea
532	603	Yea
569	603	Yea
582	603	Yea
607	603	Yea
610	603	Yea
623	603	Yea
625	603	Yea
649	603	Yea
654	603	Yea
665	603	Yea
682	603	Yea
693	603	Yea
700	603	Yea
704	603	Yea
36	604	Nay
39	604	Nay
43	604	Yea
45	604	Nay
47	604	Nay
242	604	Yea
325	604	Yea
331	604	Yea
351	604	Nay
390	604	Yea
415	604	Yea
416	604	Nay
442	604	Yea
532	604	Yea
569	604	Yea
582	604	Yea
607	604	Yea
610	604	Yea
623	604	Yea
625	604	Yea
649	604	Yea
654	604	Yea
665	604	Yea
682	604	Yea
693	604	Yea
700	604	Yea
704	604	Yea
36	605	Nay
39	605	Nay
43	605	Yea
45	605	Nay
47	605	Nay
242	605	Yea
325	605	Nay
331	605	Nay
351	605	Nay
390	605	Yea
415	605	Yea
416	605	Nay
442	605	Nay
532	605	Nay
569	605	Nay
582	605	Yea
607	605	Nay
610	605	Nay
623	605	Yea
625	605	Nay
649	605	Nay
654	605	Nay
665	605	Nay
682	605	Yea
693	605	Nay
700	605	Nay
704	605	Nay
36	610	Nay
39	610	Nay
43	610	Yea
45	610	Nay
47	610	Nay
242	610	Yea
325	610	Nay
331	610	Nay
351	610	Nay
390	610	Yea
415	610	Yea
416	610	Nay
442	610	Nay
532	610	Nay
569	610	Nay
582	610	Nay
610	610	Nay
623	610	Yea
625	610	Nay
649	610	Nay
654	610	Nay
665	610	Nay
682	610	Yea
693	610	Yea
700	610	Yea
704	610	Yea
36	614	Nay
39	614	Nay
43	614	Yea
45	614	Nay
47	614	Nay
242	614	Yea
325	614	Nay
331	614	Nay
390	614	Yea
415	614	Nay
416	614	Nay
442	614	Nay
532	614	Nay
569	614	Nay
582	614	Nay
607	614	Nay
610	614	Nay
623	614	Yea
625	614	Nay
654	614	Nay
665	614	Nay
682	614	Yea
693	614	Yea
700	614	Yea
704	614	Yea
623	619	Yea
625	619	Yea
649	619	Yea
654	619	Yea
665	619	Yea
682	619	Yea
693	619	Yea
700	619	Yea
704	619	Yea
36	620	Yea
39	620	Yea
43	620	Yea
45	620	Yea
47	620	Yea
242	620	Yea
325	620	Yea
351	620	Yea
390	620	Nay
415	620	Nay
416	620	Nay
442	620	Nay
532	620	Yea
582	620	Nay
610	620	Nay
623	620	Yea
625	620	Nay
654	620	Nay
665	620	Nay
682	620	Yea
693	620	Nay
700	620	Yea
242	621	Yea
325	621	Yea
331	621	Yea
351	621	Nay
390	621	Yea
415	621	Yea
416	621	Nay
442	621	Yea
532	621	Yea
569	621	Yea
582	621	Yea
607	621	Yea
610	621	Yea
623	621	Yea
625	621	Yea
649	621	Yea
654	621	Yea
665	621	Yea
682	621	Yea
693	621	Yea
700	621	Yea
704	621	Yea
325	622	Yea
331	622	Yea
351	622	Nay
390	622	Yea
415	622	Nay
416	622	Nay
442	622	Yea
532	622	Yea
569	622	Yea
582	622	Yea
607	622	Yea
610	622	Yea
623	622	Yea
625	622	Yea
649	622	Yea
654	622	Yea
665	622	Yea
682	622	Yea
693	622	Yea
700	622	Yea
704	622	Yea
325	623	Yea
331	623	Yea
351	623	Nay
390	623	Yea
415	623	Nay
416	623	Nay
442	623	Yea
532	623	Yea
569	623	Yea
582	623	Yea
607	623	Yea
610	623	Yea
623	623	Yea
625	623	Yea
649	623	Yea
654	623	Yea
665	623	Yea
682	623	Yea
693	623	Yea
700	623	Yea
704	623	Yea
325	624	Yea
331	624	Yea
351	624	Nay
390	624	Yea
415	624	Yea
416	624	Yea
442	624	Yea
532	624	Yea
569	624	Yea
582	624	Yea
607	624	Yea
610	624	Yea
623	624	Yea
625	624	Yea
649	624	Yea
654	624	Yea
665	624	Yea
682	624	Yea
693	624	Yea
700	624	Nay
704	624	Yea
36	630	Nay
39	630	Nay
43	630	Yea
45	630	Nay
47	630	Nay
242	630	Yea
325	630	Nay
331	630	Nay
351	630	Nay
390	630	Yea
415	630	Yea
416	630	Nay
442	630	Nay
532	630	Nay
569	630	Nay
582	630	Nay
607	630	Nay
610	630	Nay
623	630	Yea
625	630	Nay
649	630	Nay
654	630	Nay
665	630	Nay
682	630	Yea
693	630	Yea
700	630	Nay
704	630	Yea
36	632	Nay
39	632	Nay
43	632	Yea
45	632	Nay
47	632	Nay
242	632	Yea
325	632	Nay
331	632	Nay
351	632	Nay
390	632	Yea
415	632	Nay
416	632	Nay
442	632	Nay
532	632	Nay
569	632	Nay
582	632	Nay
607	632	Nay
610	632	Nay
623	632	Yea
625	632	Nay
649	632	Nay
665	632	Nay
682	632	Yea
693	632	Nay
704	632	Yea
36	633	Nay
39	633	Nay
43	633	Yea
45	633	Nay
47	633	Nay
242	633	Yea
325	633	Yea
331	633	Yea
351	633	Nay
390	633	Yea
415	633	Yea
416	633	Nay
442	633	Yea
532	633	Yea
569	633	Yea
582	633	Yea
607	633	Yea
610	633	Yea
623	633	Yea
625	633	Yea
649	633	Yea
654	633	Yea
665	633	Yea
682	633	Yea
693	633	Yea
700	633	Yea
704	633	Yea
36	634	Nay
39	634	Nay
43	634	Yea
45	634	Nay
47	634	Nay
242	634	Yea
325	634	Yea
331	634	Yea
351	634	Nay
390	634	Yea
415	634	Yea
416	634	Nay
442	634	Yea
532	634	Yea
569	634	Yea
582	634	Yea
607	634	Yea
610	634	Yea
623	634	Yea
625	634	Yea
649	634	Yea
654	634	Yea
665	634	Yea
682	634	Yea
693	634	Yea
700	634	Yea
704	634	Yea
36	635	Nay
39	635	Yea
43	635	Yea
45	635	Nay
47	635	Nay
242	635	Yea
325	635	Nay
331	635	Nay
351	635	Nay
390	635	Yea
415	635	Yea
416	635	Nay
442	635	Nay
532	635	Nay
569	635	Nay
582	635	Nay
607	635	Nay
610	635	Nay
623	635	Yea
625	635	Nay
649	635	Nay
654	635	Nay
665	635	Nay
682	635	Yea
693	635	Yea
700	635	Nay
704	635	Nay
36	636	Nay
39	636	Nay
43	636	Yea
45	636	Nay
47	636	Nay
242	636	Yea
325	636	Nay
331	636	Nay
351	636	Nay
390	636	Yea
415	636	Nay
416	636	Nay
442	636	Nay
532	636	Nay
569	636	Nay
582	636	Nay
607	636	Nay
610	636	Nay
623	636	Yea
625	636	Nay
649	636	Nay
654	636	Yea
665	636	Yea
682	636	Yea
693	636	Yea
700	636	Nay
704	636	Nay
36	637	Nay
39	637	Nay
43	637	Yea
45	637	Nay
47	637	Nay
242	637	Yea
325	637	Yea
331	637	Nay
351	637	Nay
390	637	Yea
415	637	Nay
416	637	Nay
442	637	Nay
532	637	Nay
569	637	Yea
582	637	Yea
607	637	Yea
610	637	Yea
623	637	Yea
625	637	Nay
649	637	Yea
654	637	Yea
665	637	Yea
682	637	Yea
693	637	Yea
700	637	Yea
704	637	Yea
36	640	Nay
39	640	Nay
43	640	Yea
45	640	Nay
47	640	Nay
242	640	Yea
325	640	Yea
331	640	Yea
351	640	Nay
390	640	Yea
415	640	Nay
416	640	Nay
442	640	Yea
532	640	Yea
569	640	Yea
582	640	Yea
607	640	Yea
610	640	Yea
623	640	Yea
625	640	Yea
649	640	Yea
654	640	Yea
665	640	Yea
682	640	Yea
693	640	Yea
700	640	Yea
704	640	Yea
45	645	Nay
47	645	Nay
242	645	Yea
325	645	Yea
331	645	Yea
351	645	Nay
390	645	Yea
415	645	Yea
416	645	Nay
442	645	Yea
532	645	Yea
569	645	Yea
582	645	Yea
607	645	Yea
610	645	Yea
623	645	Yea
625	645	Yea
649	645	Yea
654	645	Yea
665	645	Yea
682	645	Yea
693	645	Yea
700	645	Yea
704	645	Yea
36	647	Nay
39	647	Nay
43	647	Yea
45	647	Nay
47	647	Nay
242	647	Yea
325	647	Nay
331	647	Yea
351	647	Nay
390	647	Yea
415	647	Yea
416	647	Nay
442	647	Yea
532	647	Nay
569	647	Yea
582	647	Yea
607	647	Nay
610	647	Nay
623	647	Yea
625	647	Nay
649	647	Nay
654	647	Nay
665	647	Nay
682	647	Yea
693	647	Nay
700	647	Nay
704	647	Yea
36	648	Nay
39	648	Nay
43	648	Yea
45	648	Nay
47	648	Nay
242	648	Yea
325	648	Yea
331	648	Nay
351	648	Nay
390	648	Yea
415	648	Nay
416	648	Nay
442	648	Yea
532	648	Nay
569	648	Nay
582	648	Nay
607	648	Yea
610	648	Yea
623	648	Yea
625	648	Yea
649	648	Yea
654	648	Yea
665	648	Yea
682	648	Yea
693	648	Nay
700	648	Nay
704	648	Yea
36	651	Nay
39	651	Nay
43	651	Yea
45	651	Nay
47	651	Nay
242	651	Yea
325	651	Nay
331	651	Nay
351	651	Nay
390	651	Yea
415	651	Nay
416	651	Nay
442	651	Nay
532	651	Nay
569	651	Nay
582	651	Nay
607	651	Nay
610	651	Nay
623	651	Yea
625	651	Nay
649	651	Nay
654	651	Nay
665	651	Nay
682	651	Yea
693	651	Nay
700	651	Nay
704	651	Nay
36	656	Nay
39	656	Nay
43	656	Yea
45	656	Nay
47	656	Nay
242	656	Yea
325	656	Yea
331	656	Yea
351	656	Nay
390	656	Yea
415	656	Yea
416	656	Nay
442	656	Yea
532	656	Yea
569	656	Yea
582	656	Yea
607	656	Yea
610	656	Yea
623	656	Yea
625	656	Yea
649	656	Yea
654	656	Yea
665	656	Yea
682	656	Yea
693	656	Yea
700	656	Yea
704	656	Yea
36	663	Nay
39	663	Nay
43	663	Yea
45	663	Nay
47	663	Nay
242	663	Yea
569	663	Yea
582	663	Yea
607	663	Yea
623	663	Yea
625	663	Yea
649	663	Yea
654	663	Yea
665	663	Yea
682	663	Yea
700	663	Yea
704	663	Yea
36	668	Nay
39	668	Nay
43	668	Yea
45	668	Nay
47	668	Nay
242	668	Yea
325	668	Yea
351	668	Nay
390	668	Yea
415	668	Nay
416	668	Nay
442	668	Yea
532	668	Yea
569	668	Yea
582	668	Yea
607	668	Yea
610	668	Yea
623	668	Yea
625	668	Yea
649	668	Yea
654	668	Nay
665	668	Nay
682	668	Yea
693	668	Nay
700	668	Nay
704	668	Nay
36	672	Nay
39	672	Nay
43	672	Yea
45	672	Nay
47	672	Nay
242	672	Yea
325	672	Yea
331	672	Nay
351	672	Nay
390	672	Yea
415	672	Nay
416	672	Nay
442	672	Yea
532	672	Nay
569	672	Yea
582	672	Nay
607	672	Nay
610	672	Yea
623	672	Yea
625	672	Yea
649	672	Yea
654	672	Yea
665	672	Nay
682	672	Yea
693	672	Yea
700	672	Yea
704	672	Yea
36	673	Nay
39	673	Nay
43	673	Yea
45	673	Nay
47	673	Nay
242	673	Yea
325	673	Yea
331	673	Yea
351	673	Nay
390	673	Yea
415	673	Nay
416	673	Nay
442	673	Yea
532	673	Yea
569	673	Nay
582	673	Yea
607	673	Nay
610	673	Nay
623	673	Yea
625	673	Nay
649	673	Nay
654	673	Nay
665	673	Nay
682	673	Yea
693	673	Nay
700	673	Nay
704	673	Yea
36	677	Nay
39	677	Nay
43	677	Yea
45	677	Nay
47	677	Nay
242	677	Yea
325	677	Nay
331	677	Nay
351	677	Nay
390	677	Yea
415	677	Yea
416	677	Yea
442	677	Nay
532	677	Nay
569	677	Nay
582	677	Nay
607	677	Nay
610	677	Nay
623	677	Yea
625	677	Nay
649	677	Nay
654	677	Nay
665	677	Nay
682	677	Nay
693	677	Nay
700	677	Nay
704	677	Nay
36	678	Nay
39	678	Nay
43	678	Yea
45	678	Nay
47	678	Nay
242	678	Yea
325	678	Nay
331	678	Yea
351	678	Nay
390	678	Yea
415	678	Yea
416	678	Nay
442	678	Nay
532	678	Yea
582	678	Yea
607	678	Yea
610	678	Nay
623	678	Yea
625	678	Nay
649	678	Nay
654	678	Nay
665	678	Yea
682	678	Yea
693	678	Yea
700	678	Yea
704	678	Yea
36	688	Nay
39	688	Yea
43	688	Yea
45	688	Nay
47	688	Nay
242	688	Yea
325	688	Nay
331	688	Nay
351	688	Nay
390	688	Yea
415	688	Yea
416	688	Nay
442	688	Nay
532	688	Nay
569	688	Nay
582	688	Nay
607	688	Nay
610	688	Nay
623	688	Yea
625	688	Nay
649	688	Nay
654	688	Nay
665	688	Nay
682	688	Yea
693	688	Nay
700	688	Nay
704	688	Nay
36	689	Nay
39	689	Nay
43	689	Yea
45	689	Nay
47	689	Nay
242	689	Yea
325	689	Yea
331	689	Yea
351	689	Nay
390	689	Yea
415	689	Yea
416	689	Nay
442	689	Yea
532	689	Nay
569	689	Nay
582	689	Nay
607	689	Nay
610	689	Nay
623	689	Yea
625	689	Yea
649	689	Nay
654	689	Yea
665	689	Yea
682	689	Yea
693	689	Nay
700	689	Yea
704	689	Yea
36	690	Nay
39	690	Nay
43	690	Yea
45	690	Nay
47	690	Nay
242	690	Yea
325	690	Yea
331	690	Yea
351	690	Nay
390	690	Yea
415	690	Yea
416	690	Nay
442	690	Yea
569	690	Yea
582	690	Yea
610	690	Yea
623	690	Yea
625	690	Yea
649	690	Yea
654	690	Yea
665	690	Yea
682	690	Yea
693	690	Yea
700	690	Yea
704	690	Yea
36	691	Nay
39	691	Nay
43	691	Yea
45	691	Nay
47	691	Nay
242	691	Yea
325	691	Nay
331	691	Nay
351	691	Nay
390	691	Yea
415	691	Nay
416	691	Nay
442	691	Yea
532	691	Yea
569	691	Nay
582	691	Nay
607	691	Yea
610	691	Nay
623	691	Yea
625	691	Nay
649	691	Nay
654	691	Nay
665	691	Nay
682	691	Yea
693	691	Nay
700	691	Yea
704	691	Nay
36	692	Nay
39	692	Nay
43	692	Yea
45	692	Nay
47	692	Nay
242	692	Yea
325	692	Yea
331	692	Yea
351	692	Nay
390	692	Yea
415	692	Nay
416	692	Nay
442	692	Yea
532	692	Yea
569	692	Yea
582	692	Yea
607	692	Yea
610	692	Yea
623	692	Yea
625	692	Yea
649	692	Yea
654	692	Yea
665	692	Yea
682	692	Yea
693	692	Yea
700	692	Yea
704	692	Yea
36	693	Nay
39	693	Nay
43	693	Yea
45	693	Nay
47	693	Yea
242	693	Nay
325	693	Nay
331	693	Nay
351	693	Nay
390	693	Yea
415	693	Nay
416	693	Nay
442	693	Nay
532	693	Nay
569	693	Nay
582	693	Nay
607	693	Nay
610	693	Nay
623	693	Yea
625	693	Nay
649	693	Nay
654	693	Nay
665	693	Nay
682	693	Yea
693	693	Nay
700	693	Nay
704	693	Nay
36	694	Nay
39	694	Nay
43	694	Yea
45	694	Nay
47	694	Nay
242	694	Yea
325	694	Nay
331	694	Nay
351	694	Nay
390	694	Yea
415	694	Yea
416	694	Nay
442	694	Nay
532	694	Nay
569	694	Nay
582	694	Nay
607	694	Nay
610	694	Nay
623	694	Yea
625	694	Nay
649	694	Nay
665	694	Nay
682	694	Yea
693	694	Nay
704	694	Yea
36	695	Nay
39	695	Nay
43	695	Yea
45	695	Nay
47	695	Nay
242	695	Yea
325	695	Yea
331	695	Yea
351	695	Nay
390	695	Yea
415	695	Yea
416	695	Nay
442	695	Yea
532	695	Yea
582	695	Yea
607	695	Yea
610	695	Yea
623	695	Yea
625	695	Yea
649	695	Yea
654	695	Yea
665	695	Yea
682	695	Yea
693	695	Yea
700	695	Yea
704	695	Yea
36	696	Nay
39	696	Nay
43	696	Yea
45	696	Nay
47	696	Nay
242	696	Yea
325	696	Yea
331	696	Yea
351	696	Nay
390	696	Yea
415	696	Yea
416	696	Nay
442	696	Yea
532	696	Yea
569	696	Yea
582	696	Yea
607	696	Yea
610	696	Yea
623	696	Yea
625	696	Yea
649	696	Yea
665	696	Yea
682	696	Yea
693	696	Yea
700	696	Yea
704	696	Yea
