icpsr	congress	party_code	state_icpsr	state_abbrev	district_code	occupancy	bioname
633	102	Democratic Party	43	FL	3	0	BENNETT, Charles Edward
1077	102	Democratic Party	49	TX	9	0	BROOKS, Jack Bascom
1087	102	Republican Party	23	MI	18	0	BROOMFIELD, William S.
2009	102	Republican Party	3	MA	1	0	CONTE, Silvio Ottavio
2605	102	Democratic Party	23	MI	16	0	DINGELL, John David, Jr.
3078	102	Democratic Party	43	FL	19	0	FASCELL, Dante Bruno
6455	102	Republican Party	21	IL	18	0	MICHEL, Robert Henry
6845	102	Democratic Party	51	KY	2	0	NATCHER, William Huston
8080	102	Democratic Party	21	IL	8	0	ROSTENKOWSKI, Daniel David
8672	102	Democratic Party	31	IA	4	0	SMITH, Neal Edward
10075	102	Democratic Party	46	MS	1	0	WHITTEN, Jamie Lloyd
10421	102	Democratic Party	21	IL	9	0	YATES, Sidney Richard
10520	102	Democratic Party	49	TX	20	0	GONZÁLEZ, Henry B.
10566	102	Democratic Party	61	AZ	2	0	UDALL, Morris King
10573	102	Democratic Party	71	CA	36	0	BROWN, George Edward, Jr.
10583	102	Democratic Party	71	CA	10	0	EDWARDS, William Donlon (Don)
10588	102	Democratic Party	43	FL	7	0	GIBBONS, Sam Melville
10596	102	Republican Party	13	NY	29	0	HORTON, Frank Jefferson
10607	102	Republican Party	14	PA	10	0	McDADE, Joseph Michael
10614	102	Democratic Party	49	TX	10	0	PICKLE, James Jarrell (Jake)
10616	102	Republican Party	54	TN	1	0	QUILLEN, James Henry
10621	102	Democratic Party	71	CA	25	0	ROYBAL, Edward R.
10703	102	Democratic Party	21	IL	11	0	ANNUNZIO, Frank
10713	102	Democratic Party	23	MI	1	0	CONYERS, John, Jr.
10716	102	Democratic Party	49	TX	15	0	de la GARZA, Eligio, II (Kika)
10717	102	Republican Party	41	AL	2	0	DICKINSON, William Louis
10726	102	Democratic Party	73	WA	5	0	FOLEY, Thomas Stephen
10727	102	Democratic Party	23	MI	15	0	FORD, William David
10732	102	Democratic Party	22	IN	9	0	HAMILTON, Lee Herbert
10742	102	Democratic Party	22	IN	10	0	JACOBS, Andrew, Jr.
10757	102	Democratic Party	82	HI	2	0	MINK, Patsy Takemoto
10768	102	Democratic Party	13	NY	8	0	SCHEUER, James Haas
10788	102	Democratic Party	47	NC	1	0	JONES, Walter Beaman, Sr.
10794	102	Republican Party	23	MI	9	0	VANDER JAGT, Guy Adrian
11000	102	Democratic Party	41	AL	4	0	BEVILL, Tom
11020	102	Republican Party	42	AR	3	0	HAMMERSCHMIDT, John Paul
11034	102	Republican Party	24	OH	10	0	MILLER, Clarence E.
11035	102	Democratic Party	46	MS	3	0	MONTGOMERY, Gillespie V. (Sonny)
11036	102	Republican Party	22	IN	7	0	MYERS, John Thomas
11058	102	Republican Party	24	OH	15	0	WYLIE, Chalmers Pangburn
11067	102	Democratic Party	14	PA	20	0	GAYDOS, Joseph Matthew
12000	102	Democratic Party	42	AR	1	0	ALEXANDER, William Vollie (Bill), Jr.
12001	102	Democratic Party	71	CA	32	0	ANDERSON, Glenn Malcolm
12009	102	Democratic Party	34	MO	1	0	CLAY, William Lacy, Sr.
12010	102	Republican Party	14	PA	13	0	COUGHLIN, Robert Lawrence
12013	102	Republican Party	13	NY	21	0	FISH, Hamilton, Jr.
12030	102	Democratic Party	24	OH	21	0	STOKES, Louis
12035	102	Democratic Party	14	PA	6	0	YATRON, Gus
12036	102	Democratic Party	25	WI	7	0	OBEY, David Ross
12041	102	Republican Party	21	IL	12	0	CRANE, Philip Miller
12042	102	Democratic Party	12	NJ	8	0	ROE, Robert A.
13002	102	Republican Party	49	TX	7	0	ARCHER, William Reynolds, Jr.
13003	102	Democratic Party	25	WI	1	0	ASPIN, Leslie
13011	102	Democratic Party	71	CA	8	0	DELLUMS, Ronald V.
13021	102	Republican Party	13	NY	4	0	LENT, Norman Frederick
13024	102	Democratic Party	51	KY	3	0	MAZZOLI, Romano Louis
13035	102	Democratic Party	13	NY	16	0	RANGEL, Charles B.
13042	102	Republican Party	48	SC	2	0	SPENCE, Floyd Davidson
13047	102	Republican Party	43	FL	8	0	YOUNG, Charles William (Bill)
14015	102	Republican Party	13	NY	22	0	GILMAN, Benjamin Arthur
14029	102	Democratic Party	43	FL	17	0	LEHMAN, William
14033	102	Republican Party	21	IL	15	0	MADIGAN, Edward Rell
14039	102	Democratic Party	3	MA	9	0	MOAKLEY, John Joseph
14040	102	Republican Party	71	CA	22	0	MOORHEAD, Carlos John
14042	102	Democratic Party	67	UT	2	0	OWENS, Douglas Wayne
14045	102	Republican Party	24	OH	16	0	REGULA, Ralph Straus
14046	102	Republican Party	12	NJ	7	0	RINALDO, Matthew John
14048	102	Democratic Party	47	NC	7	0	ROSE, Charles Grandison, III
14051	102	Democratic Party	62	CO	1	0	SCHROEDER, Patricia Scott
14052	102	Republican Party	14	PA	9	0	SHUSTER, E. G. (Bud)
14053	102	Democratic Party	71	CA	9	0	STARK, Fortney Hillman (Pete), Jr.
14055	102	Democratic Party	3	MA	10	0	STUDDS, Gerry Eastman
14058	102	Democratic Party	42	AR	2	0	THORNTON, Raymond Hoyt (Ray), Jr.
14062	102	Democratic Party	49	TX	2	0	WILSON, Charles
14066	102	Republican Party	81	AK	1	0	YOUNG, Donald Edwin
14068	102	Democratic Party	21	IL	7	0	COLLINS, Cardiss
14071	102	Republican Party	71	CA	19	0	LAGOMARSINO, Robert John
14072	102	Democratic Party	14	PA	12	0	MURTHA, John Patrick, Jr.
14075	102	Democratic Party	23	MI	8	0	TRAXLER, Jerome Bob
14201	102	Democratic Party	72	OR	1	0	AuCOIN, Les
14210	102	Democratic Party	23	MI	6	0	CARR, Milton Robert (Bob)
14212	102	Democratic Party	48	SC	3	0	DERRICK, Butler Carson, Jr.
14214	102	Democratic Party	13	NY	2	0	DOWNEY, Thomas Joseph
14216	102	Democratic Party	3	MA	3	0	EARLY, Joseph Daniel
14219	102	Democratic Party	53	OK	6	0	ENGLISH, Glenn Lee, Jr.
14224	102	Democratic Party	54	TN	9	0	FORD, Harold Eugene
14225	102	Republican Party	24	OH	2	0	GRADISON, Willis David, Jr.
14233	102	Democratic Party	47	NC	8	0	HEFNER, Willie Gathrel (Bill)
14237	102	Democratic Party	51	KY	1	0	HUBBARD, Carroll, Jr.
14238	102	Democratic Party	12	NJ	2	0	HUGHES, William John
14239	102	Republican Party	21	IL	6	0	HYDE, Henry John
14248	102	Democratic Party	13	NY	32	0	LaFALCE, John Joseph
14251	102	Democratic Party	54	TN	3	0	LLOYD, Marilyn Laird
14253	102	Democratic Party	13	NY	28	0	McHUGH, Matthew Francis
14256	102	Democratic Party	71	CA	7	0	MILLER, George
14257	102	Democratic Party	71	CA	13	0	MINETA, Norman Y.
14262	102	Democratic Party	47	NC	5	0	NEAL, Stephen Lybrook
14263	113	Democratic Party	33	MN	8	0	NOLAN, Richard Michael
14264	102	Democratic Party	13	NY	33	0	NOWAK, Henry James
14265	102	Democratic Party	33	MN	8	0	OBERSTAR, James Louis
14271	102	Democratic Party	21	IL	3	0	RUSSO, Martin Anthony
14273	102	Republican Party	14	PA	5	0	SCHULZE, Richard Taylor
14274	102	Democratic Party	22	IN	2	0	SHARP, Philip Riley
14277	102	Democratic Party	13	NY	13	0	SOLARZ, Stephen Joshua
14280	102	Democratic Party	71	CA	24	0	WAXMAN, Henry Arnold
14288	102	Republican Party	14	PA	19	0	GOODLING, William Franklin
14290	105	Republican Party	49	TX	14	0	PAUL, Ronald Ernest
14402	102	Democratic Party	24	OH	18	0	APPLEGATE, Douglas Earl
14404	102	Democratic Party	44	GA	10	0	BARNARD, Druie Douglas, Jr.
14405	102	Democratic Party	71	CA	23	0	BEILENSON, Anthony Charles
14407	102	Democratic Party	23	MI	12	0	BONIOR, David Edward
14410	102	Republican Party	34	MO	6	0	COLEMAN, Earl Thomas
14413	102	Democratic Party	73	WA	6	0	DICKS, Norman DeValois
14414	102	Republican Party	71	CA	38	0	DORNAN, Robert Kenneth
14415	102	Republican Party	53	OK	5	0	EDWARDS, Marvin Henry (Mickey)
14421	102	Democratic Party	34	MO	3	0	GEPHARDT, Richard Andrew
14422	102	Democratic Party	32	KS	4	0	GLICKMAN, Daniel Robert
14427	102	Democratic Party	45	LA	5	0	HUCKABY, Thomas Jerald
14428	102	Republican Party	43	FL	10	0	IRELAND, Andrew Poysell (Andy)
14429	102	Democratic Party	44	GA	9	0	JENKINS, Edgar Lanier (Ed)
14430	102	Democratic Party	23	MI	7	0	KILDEE, Dale Edward
14431	102	Democratic Party	14	PA	8	0	KOSTMAYER, Peter Houston
14432	102	Republican Party	31	IA	1	0	LEACH, James Albert Smith
14435	102	Democratic Party	3	MA	7	0	MARKEY, Edward John
14437	102	Republican Party	64	MT	2	0	MARLENEE, Ronald Charles
14441	102	Democratic Party	14	PA	22	0	MURPHY, Austin John
14443	102	Democratic Party	24	OH	20	0	OAKAR, Mary Rose
14444	102	Democratic Party	71	CA	16	0	PANETTA, Leon Edward
14445	102	Democratic Party	24	OH	13	0	PEASE, Donald James
14446	102	Republican Party	23	MI	2	0	PURSELL, Carl Duane
14448	102	Democratic Party	56	WV	4	0	RAHALL, Nick Joe, II
14451	102	Democratic Party	34	MO	4	0	SKELTON, Isaac Newton, IV (Ike)
14454	102	Republican Party	61	AZ	3	0	STUMP, Robert Lee
14458	102	Democratic Party	33	MN	4	0	VENTO, Bruce Frank
14459	102	Democratic Party	34	MO	9	0	VOLKMER, Harold Lee
14461	102	Republican Party	14	PA	16	0	WALKER, Robert Smith
14463	102	Democratic Party	13	NY	17	0	WEISS, Theodore S.
14469	102	Republican Party	45	LA	1	0	LIVINGSTON, Robert Linlithgow, Jr.
14471	102	Republican Party	13	NY	15	0	GREEN, Sedgwick William (Bill)
14601	102	Democratic Party	42	AR	4	0	ANTHONY, Beryl Franklin, Jr.
14605	102	Republican Party	35	NE	1	0	BEREUTER, Douglas Kent
14608	102	Democratic Party	52	MD	6	0	BYRON, Beverly Barton Butcher
14612	102	Republican Party	14	PA	23	0	CLINGER, William Floyd, Jr.
14616	102	Republican Party	71	CA	39	0	DANNEMEYER, William Edwin
14618	102	Republican Party	23	MI	11	0	DAVIS, Robert William
14620	102	Democratic Party	71	CA	28	0	DIXON, Julian Carey
14621	102	Democratic Party	3	MA	11	0	DONNELLY, Brian Joseph
14624	102	Democratic Party	71	CA	4	0	FAZIO, Victor Herbert, Jr.
14626	102	Democratic Party	49	TX	24	0	FROST, Jonas Martin
14627	102	Republican Party	44	GA	6	0	GINGRICH, Newton Leroy
14629	102	Democratic Party	14	PA	2	0	GRAY, William Herbert, III
14631	102	Democratic Party	12	NJ	14	0	GUARINI, Frank Joseph, Jr.
14632	102	Democratic Party	24	OH	3	0	HALL, Tony Patrick
14635	102	Republican Party	51	KY	6	0	HOPKINS, Larry Jones
14636	102	Democratic Party	43	FL	1	0	HUTTO, Earl Dewitt
14644	102	Republican Party	71	CA	35	0	LEWIS, Charles Jeremy (Jerry)
14647	109	Republican Party	71	CA	3	0	LUNGREN, Daniel Edward
14649	102	Democratic Party	71	CA	3	0	MATSUI, Robert T.
14650	102	Democratic Party	3	MA	6	0	MAVROULES, Nicholas James
14654	102	Republican Party	14	PA	15	0	RITTER, Donald Lawrence
14655	102	Republican Party	25	WI	8	0	ROTH, Toby A.
14656	102	Democratic Party	33	MN	5	0	SABO, Martin Olav
14657	102	Republican Party	25	WI	9	0	SENSENBRENNER, Frank James, Jr.
14661	102	Republican Party	2	ME	2	0	SNOWE, Olympia Jean
14662	102	Republican Party	13	NY	24	0	SOLOMON, Gerald Brooks Hunt
14664	102	Democratic Party	49	TX	17	0	STENHOLM, Charles Walter
14666	102	Democratic Party	73	WA	2	0	SWIFT, Allan Byron
14667	102	Democratic Party	53	OK	2	0	SYNAR, Michael Lynn
14669	102	Republican Party	71	CA	20	0	THOMAS, William Marshall
14672	102	Democratic Party	64	MT	1	0	WILLIAMS, John Patrick
14673	102	Democratic Party	23	MI	3	0	WOLPE, Howard Eliot, III
14675	102	Republican Party	25	WI	6	0	PETRI, Thomas Evert
14677	102	Republican Party	21	IL	10	0	PORTER, John Edward
14679	102	Democratic Party	45	LA	3	0	TAUZIN, Wilbert Joseph (Billy)
14802	102	Republican Party	40	VA	3	0	BLILEY, Thomas Jerome, Jr.
14808	102	Democratic Party	14	PA	14	0	COYNE, William Joseph
14812	102	Democratic Party	36	ND	1	0	DORGAN, Byron Leslie
14813	102	Republican Party	71	CA	33	0	DREIER, David Timothy
14815	102	Democratic Party	12	NJ	6	0	DWYER, Bernard James
14816	102	Democratic Party	71	CA	31	0	DYMALLY, Mervyn Malcolm
14818	102	Democratic Party	24	OH	11	0	ECKART, Dennis Edward
14819	102	Republican Party	34	MO	8	0	EMERSON, Norvell William (Bill)
14822	102	Republican Party	49	TX	8	0	FIELDS, Jack Milton, Jr.
14823	102	Democratic Party	14	PA	1	0	FOGLIETTA, Thomas Michael
14824	102	Democratic Party	3	MA	4	0	FRANK, Barney
14825	102	Democratic Party	1	CT	2	0	GEJDENSON, Samuel
14827	102	Republican Party	25	WI	3	0	GUNDERSON, Steven Craig
14828	102	Democratic Party	49	TX	4	0	HALL, Ralph Moody
14829	102	Republican Party	67	UT	1	0	HANSEN, James Vear
14831	102	Democratic Party	44	GA	2	0	HATCHER, Charles Floyd
14833	102	Democratic Party	23	MI	14	0	HERTEL, Dennis Mark
14835	102	Republican Party	71	CA	45	0	HUNTER, Duncan Lee
14837	102	Democratic Party	71	CA	11	0	LANTOS, Thomas Peter
14839	102	Republican Party	71	CA	41	0	LOWERY, William David
14840	102	Republican Party	13	NY	26	0	MARTIN, David O'Brien
14842	102	Republican Party	43	FL	5	0	McCOLLUM, Ira William, Jr. (Bill)
14843	102	Democratic Party	53	OK	4	0	McCURDY, David Keith
14844	102	Republican Party	24	OH	6	0	McEWEN, Bob
14845	102	Republican Party	13	NY	5	0	McGRATH, Raymond Joseph
14847	102	Republican Party	73	WA	4	0	MORRISON, Sidney Wallace
14852	102	Republican Party	32	KS	1	0	ROBERTS, Charles Patrick (Pat)
14854	102	Republican Party	51	KY	5	0	ROGERS, Harold Dallas (Hal)
14855	102	Republican Party	12	NJ	5	0	ROUKEMA, Margaret Scafati
14856	102	Democratic Party	21	IL	2	0	SAVAGE, Gus
14858	102	Democratic Party	13	NY	10	0	SCHUMER, Charles Ellis (Chuck)
14860	102	Republican Party	43	FL	15	0	SHAW, Eugene Clay, Jr.
14861	102	Republican Party	66	NM	2	0	SKEEN, Joseph Richard
14863	102	Republican Party	12	NJ	4	0	SMITH, Christopher Henry
14868	102	Republican Party	33	MN	2	0	WEBER, John Vincent (Vin)
14869	102	Republican Party	40	VA	10	0	WOLF, Frank Rudolph
14871	102	Democratic Party	72	OR	3	0	WYDEN, Ronald Lee
14873	102	Democratic Party	52	MD	5	0	HOYER, Steny Hamilton
14875	102	Republican Party	24	OH	4	0	OXLEY, Michael Garver
14877	102	Democratic Party	1	CT	1	0	KENNELLY, Barbara Bailey
14879	102	Democratic Party	71	CA	30	0	MARTÍNEZ, Matthew G.
15000	102	Democratic Party	13	NY	7	0	ACKERMAN, Gary Leonard
15001	102	Democratic Party	49	TX	25	0	ANDREWS, Michael Allen
15002	102	Republican Party	49	TX	3	0	BARTLETT, Harry Stephen (Steve)
15003	102	Republican Party	40	VA	1	0	BATEMAN, Herbert Harvell
15005	102	Democratic Party	71	CA	26	0	BERMAN, Howard Lawrence
15006	102	Republican Party	43	FL	9	0	BILIRAKIS, Michael
15007	102	Republican Party	13	NY	25	0	BOEHLERT, Sherwood Louis
15008	102	Democratic Party	14	PA	3	0	BORSKI, Robert Anthony, Jr.
15010	102	Democratic Party	40	VA	9	0	BOUCHER, Frederick C.
15011	102	Democratic Party	71	CA	6	0	BOXER, Barbara
15013	102	Democratic Party	49	TX	5	0	BRYANT, John Wiley
15014	102	Republican Party	22	IN	6	0	BURTON, Danny Lee
15015	102	Democratic Party	11	DE	1	0	CARPER, Thomas Richard
15016	102	Republican Party	73	WA	8	0	CHANDLER, Rodney Dennis
15018	102	Democratic Party	49	TX	16	0	COLEMAN, Ronald D'Emory
15019	102	Democratic Party	54	TN	4	0	COOPER, James Hayes Shofner
15021	102	Democratic Party	21	IL	20	0	DURBIN, Richard Joseph
15022	102	Democratic Party	41	AL	6	0	ERDREICH, Ben
15023	102	Democratic Party	21	IL	17	0	EVANS, Lane Allen
15024	102	Democratic Party	24	OH	19	0	FEIGHAN, Edward Farrell
15026	102	Republican Party	14	PA	17	0	GEKAS, George William
15028	102	Republican Party	1	CT	6	0	JOHNSON, Nancy Lee
15029	102	Democratic Party	24	OH	9	0	KAPTUR, Marcia Carolyn (Marcy)
15030	102	Republican Party	24	OH	12	0	KASICH, John Richard
15031	102	Democratic Party	14	PA	4	0	KOLTER, Joseph Paul
15032	102	Democratic Party	71	CA	18	0	LEHMAN, Richard Henry
15033	102	Democratic Party	23	MI	17	0	LEVIN, Sander Martin
15034	102	Democratic Party	71	CA	27	0	LEVINE, Meldon Edises
15035	102	Republican Party	43	FL	12	0	LEWIS, Thomas F.
15036	102	Democratic Party	21	IL	5	0	LIPINSKI, William Oliver
15040	102	Republican Party	71	CA	37	0	McCANDLESS, Alfred A.
15041	102	Democratic Party	22	IN	8	0	McCLOSKEY, Francis Xavier
15044	102	Democratic Party	25	WI	5	0	MOODY, Jim
15046	102	Democratic Party	13	NY	3	0	MRAZEK, Robert Jan
15048	102	Democratic Party	40	VA	6	0	OLIN, James R.
15049	102	Democratic Party	49	TX	27	0	ORTIZ, Solomon P.
15050	102	Democratic Party	13	NY	12	0	OWENS, Major Robert Odell
15051	102	Republican Party	71	CA	43	0	PACKARD, Ronald C.
15052	102	Democratic Party	33	MN	1	0	PENNY, Timothy Joseph
15053	102	Democratic Party	44	GA	3	0	RAY, Richard Belmont
15055	102	Democratic Party	66	NM	3	0	RICHARDSON, Bill
15056	102	Republican Party	14	PA	21	0	RIDGE, Thomas Joseph
15057	102	Democratic Party	44	GA	8	0	ROWLAND, James Roy, Jr.
15058	102	Republican Party	62	CO	6	0	SCHAEFER, Daniel
15059	102	Democratic Party	33	MN	6	0	SIKORSKI, Gerald Edward
15060	102	Democratic Party	40	VA	4	0	SISISKY, Norman
15061	102	Democratic Party	32	KS	2	0	SLATTERY, James Charles
15062	102	Democratic Party	43	FL	16	0	SMITH, Lawrence Jack
15063	102	Republican Party	72	OR	2	0	SMITH, Robert Freeman
15064	102	Democratic Party	48	SC	5	0	SPRATT, John McKee, Jr.
15065	102	Democratic Party	56	WV	2	0	STAGGERS, Harley Orrin, Jr.
15066	102	Republican Party	54	TN	7	0	SUNDQUIST, Donald Kenneth
15068	102	Democratic Party	48	SC	6	0	TALLON, Robert Mooneyhan, Jr. (Robin)
15069	102	Democratic Party	44	GA	1	0	THOMAS, Robert Lindsay
15070	102	Democratic Party	71	CA	34	0	TORRES, Esteban Edward
15071	102	Democratic Party	12	NJ	9	0	TORRICELLI, Robert Guy
15072	102	Democratic Party	13	NY	11	0	TOWNS, Edolphus
15073	102	Democratic Party	47	NC	2	0	VALENTINE, Itimous Thaddeus, Jr., (Tim)
15075	102	Republican Party	65	NV	2	0	VUCANOVICH, Barbara Farrell
15076	102	Democratic Party	34	MO	5	0	WHEAT, Alan Dupree
15077	102	Democratic Party	56	WV	3	0	WISE, Robert Ellsworth, Jr.
15079	102	Democratic Party	21	IL	1	0	HAYES, Charles Arthur
15081	102	Democratic Party	44	GA	7	0	DARDEN, George (Buddy)
15082	102	Democratic Party	25	WI	4	0	KLECZKA, Gerald Daniel
15083	102	Democratic Party	56	WV	1	0	MOLLOHAN, Alan Bowlby
15084	102	Democratic Party	3	MA	5	0	ATKINS, Chester Greenough
15085	102	Republican Party	49	TX	6	0	BARTON, Joe Linus
15086	102	Republican Party	52	MD	2	0	BENTLEY, Helen Delich
15088	102	Democratic Party	21	IL	19	0	BRUCE, Terry Lee
15089	102	Democratic Party	49	TX	23	0	BUSTAMANTE, Albert G.
15090	102	Republican Party	41	AL	1	0	CALLAHAN, Herbert Leon (Sonny)
15092	102	Republican Party	47	NC	6	0	COBLE, Howard
15093	102	Republican Party	49	TX	19	0	COMBEST, Larry Ed
15094	102	Republican Party	49	TX	22	0	DeLAY, Thomas Dale
15098	102	Republican Party	21	IL	13	0	FAWELL, Harris W.
15099	102	Republican Party	12	NJ	11	0	GALLO, Dean Anderson
15100	102	Democratic Party	54	TN	6	0	GORDON, Barton Jennings
15103	102	Republican Party	23	MI	5	0	HENRY, Paul B.
15104	102	Democratic Party	14	PA	11	0	KANJORSKI, Paul E.
15105	102	Republican Party	61	AZ	5	0	KOLBE, James Thomas
15106	102	Republican Party	31	IA	5	0	LIGHTFOOT, James Ross
15107	102	Democratic Party	13	NY	9	0	MANTON, Thomas J.
15108	102	Republican Party	47	NC	9	0	McMILLAN, John Alexander, III (Alex)
15109	102	Republican Party	32	KS	3	0	MEYERS, Jan
15110	102	Republican Party	73	WA	1	0	MILLER, John Ripin
15112	102	Republican Party	12	NJ	13	0	SAXTON, Hugh James
15115	102	Republican Party	40	VA	7	0	SLAUGHTER, Daniel French, Jr.
15117	102	Democratic Party	63	ID	2	0	STALLINGS, Richard Howard
15121	102	Democratic Party	24	OH	17	0	TRAFICANT, James A., Jr.
15124	102	Democratic Party	22	IN	1	0	VISCLOSKY, Peter
15125	102	Republican Party	49	TX	26	0	ARMEY, Richard Keith
15129	102	Democratic Party	49	TX	1	0	CHAPMAN, Jim
15171	102	Democratic Party	48	SC	4	0	PATTERSON, Elizabeth J.
15228	102	Democratic Party	51	KY	7	0	PERKINS, Carl Christopher
15245	102	Democratic Party	82	HI	1	0	ABERCROMBIE, Neil
15401	102	Republican Party	45	LA	6	0	BAKER, Richard Hugh
15402	102	Republican Party	47	NC	10	0	BALLENGER, Cass
15403	102	Democratic Party	65	NV	1	0	BILBRAY, James Hubert
15406	102	Republican Party	51	KY	4	0	BUNNING, James Paul David
15407	102	Democratic Party	62	CO	3	0	CAMPBELL, Ben Nighthorse
15408	102	Democratic Party	52	MD	3	0	CARDIN, Benjamin Louis
15410	102	Democratic Party	72	OR	4	0	DeFAZIO, Peter Anthony
15411	102	Democratic Party	46	MS	2	0	ESPY, Alphonso Michael (Mike)
15412	102	Democratic Party	13	NY	6	0	FLAKE, Floyd Harold
15413	102	Republican Party	71	CA	21	0	GALLEGLY, Elton W.
15414	102	Republican Party	31	IA	6	0	GRANDY, Frederick Lawrence
15416	102	Democratic Party	41	AL	7	0	HARRIS, Claude, Jr.
15417	102	Republican Party	21	IL	14	0	HASTERT, John Dennis
15418	102	Democratic Party	45	LA	7	0	HAYES, James Allison
15419	102	Republican Party	62	CO	5	0	HEFLEY, Joel M.
15420	102	Republican Party	71	CA	2	0	HERGER, Walter William (Wally)
15421	102	Democratic Party	13	NY	1	0	HOCHBRUECKNER, George Joseph
15422	102	Republican Party	45	LA	8	0	HOLLOWAY, Clyde Cecil
15423	102	Republican Party	13	NY	34	0	HOUGHTON, Amory, Jr.
15424	102	Republican Party	53	OK	1	0	INHOFE, James Mountain
15425	102	Democratic Party	37	SD	1	0	JOHNSON, Timothy Peter (Tim)
15426	102	Democratic Party	22	IN	5	0	JONTZ, James Prather
15427	102	Democratic Party	3	MA	8	0	KENNEDY, Joseph Patrick, II
15429	102	Republican Party	61	AZ	4	0	KYL, Jon Llewellyn
15430	102	Democratic Party	47	NC	3	0	LANCASTER, H. Martin
15431	102	Democratic Party	44	GA	5	0	LEWIS, John R.
15432	102	Democratic Party	52	MD	4	0	McMILLEN, Charles Thomas
15433	102	Democratic Party	52	MD	7	0	MFUME, Kweisi
15434	102	Republican Party	52	MD	8	0	MORELLA, Constance A.
15435	102	Democratic Party	31	IA	3	0	NAGLE, David Ray
15437	102	Democratic Party	40	VA	2	0	PICKETT, Owen Bradford
15438	102	Democratic Party	47	NC	4	0	PRICE, David Eugene
15439	102	Republican Party	48	SC	1	0	RAVENEL, Arthur, Jr.
15440	102	Republican Party	61	AZ	1	0	RHODES, John Jacob, III
15442	102	Democratic Party	24	OH	14	0	SAWYER, Thomas Charles
15443	102	Democratic Party	62	CO	2	0	SKAGGS, David Evans
15444	102	Democratic Party	13	NY	30	0	SLAUGHTER, Louise McIntosh
15445	102	Republican Party	49	TX	21	0	SMITH, Lamar Seeligson
15446	102	Republican Party	23	MI	4	0	UPTON, Frederick Stephen
15447	102	Republican Party	14	PA	7	0	WELDON, Wayne Curtis (Curt)
15448	102	Democratic Party	71	CA	5	0	PELOSI, Nancy
15449	102	Republican Party	1	CT	4	0	SHAYS, Christopher H.
15450	102	Democratic Party	54	TN	5	0	CLEMENT, Robert Nelson
15451	102	Republican Party	45	LA	4	0	McCRERY, James O., III
15452	102	Democratic Party	40	VA	5	0	PAYNE, Lewis Franklin, Jr.
15453	102	Democratic Party	21	IL	21	0	COSTELLO, Jerry Francis
15454	102	Democratic Party	12	NJ	3	0	PALLONE, Frank, Jr.
15455	102	Republican Party	54	TN	2	0	DUNCAN, John J., Jr.
15600	102	Republican Party	71	CA	12	0	CAMPBELL, Thomas J.
15601	102	Republican Party	71	CA	40	0	COX, Charles Christopher
15603	102	Democratic Party	13	NY	19	0	ENGEL, Eliot Lance
15604	102	Republican Party	24	OH	5	0	GILLMOR, Paul Eugene
15605	102	Republican Party	43	FL	13	0	GOSS, Porter J.
15606	102	Republican Party	34	MO	7	0	HANCOCK, Melton D. (Mel)
15607	102	Democratic Party	35	NE	2	0	HOAGLAND, Peter J.
15608	102	Republican Party	43	FL	4	0	JAMES, Craig T.
15609	102	Democratic Party	43	FL	14	0	JOHNSTON, Harry A., II
15611	102	Democratic Party	49	TX	14	0	LAUGHLIN, Gregory H.
15612	102	Democratic Party	13	NY	20	0	LOWEY, Nita M.
15613	102	Democratic Party	73	WA	7	0	McDERMOTT, James A.
15614	102	Democratic Party	13	NY	23	0	McNULTY, Michael Robert
15615	102	Republican Party	5	RI	1	0	MACHTLEY, Ronald K.
15616	102	Democratic Party	3	MA	2	0	NEAL, Richard Edmund
15617	102	Democratic Party	46	MS	4	0	PARKER, Michael (Mike)
15618	102	Republican Party	13	NY	31	0	PAXON, L. William
15619	102	Democratic Party	12	NJ	10	0	PAYNE, Donald Milford
15620	102	Democratic Party	21	IL	22	0	POSHARD, Glenn
15621	102	Republican Party	71	CA	42	0	ROHRABACHER, Dana
15622	102	Democratic Party	21	IL	4	0	SANGMEISTER, George Edward
15623	102	Democratic Party	49	TX	13	0	SARPALIUS, William
15624	102	Republican Party	66	NM	1	0	SCHIFF, Steven Harvey
15627	102	Republican Party	43	FL	6	0	STEARNS, Clifford Bundy
15628	102	Democratic Party	54	TN	8	0	TANNER, John S.
15629	102	Democratic Party	73	WA	3	0	UNSOELD, Jolene
15630	102	Republican Party	13	NY	27	0	WALSH, James T.
15631	102	Democratic Party	22	IN	4	0	LONG, Jill Lynette
15632	102	Democratic Party	41	AL	3	0	BROWDER, John Glen
15633	102	Republican Party	68	WY	1	0	THOMAS, Craig Lyle
15634	102	Republican Party	43	FL	18	0	ROS-LEHTINEN, Ileana
15635	102	Democratic Party	71	CA	15	0	CONDIT, Gary Adrian
15636	102	Democratic Party	49	TX	12	0	GEREN, Preston M. (Pete)
15637	102	Democratic Party	46	MS	5	0	TAYLOR, Gary Eugene (Gene)
15639	102	Republican Party	13	NY	14	0	MOLINARI, Susan
15823	102	Democratic Party	24	OH	1	0	LUKEN, Charles J.
20100	107	Republican Party	61	AZ	1	0	FLAKE, Jeff
20101	107	Republican Party	42	AR	3	2	BOOZMAN, John
20102	107	Democratic Party	42	AR	4	0	ROSS, Michael Avery
20103	107	Democratic Party	71	CA	15	0	HONDA, Mike
20104	107	Democratic Party	71	CA	27	0	SCHIFF, Adam
20105	107	Democratic Party	71	CA	31	0	SOLIS, Hilda L.
20106	107	Democratic Party	71	CA	32	2	WATSON, Diane Edith
20107	107	Republican Party	71	CA	48	0	ISSA, Darrell
20108	107	Democratic Party	71	CA	49	0	DAVIS, Susan A.
20109	107	Republican Party	1	CT	2	0	SIMMONS, Robert (Rob)
20110	107	Republican Party	43	FL	1	2	MILLER, Jefferson B. (Jeff)
20111	107	Republican Party	43	FL	4	0	CRENSHAW, Ander
20112	107	Republican Party	43	FL	8	0	KELLER, Richard (Ric)
20113	107	Republican Party	43	FL	12	0	PUTNAM, Adam
20114	107	Republican Party	63	ID	1	0	OTTER, C. L. (Butch)
20115	107	Republican Party	21	IL	10	0	KIRK, Mark Steven
20116	107	Republican Party	21	IL	15	0	JOHNSON, Timothy V.
20117	107	Republican Party	22	IN	2	0	PENCE, Mike
20118	107	Republican Party	22	IN	7	0	KERNS, Brian D.
20119	107	Democratic Party	3	MA	9	2	LYNCH, Stephen F.
20120	107	Republican Party	23	MI	8	0	ROGERS, Mike
20121	107	Republican Party	33	MN	2	0	KENNEDY, Mark
20122	107	Democratic Party	33	MN	4	0	McCOLLUM, Betty
20123	107	Republican Party	34	MO	2	0	AKIN, W. Todd
20124	107	Republican Party	34	MO	6	0	GRAVES, Samuel
20125	107	Republican Party	64	MT	1	0	REHBERG, Denny
20126	107	Republican Party	35	NE	3	0	OSBORNE, Thomas
20127	107	Republican Party	12	NJ	7	0	FERGUSON, Michael
20128	107	Republican Party	13	NY	1	0	GRUCCI, Jr., Felix J.
20129	107	Democratic Party	13	NY	2	0	ISRAEL, Steve
20130	107	Republican Party	24	OH	12	0	TIBERI, Patrick (Pat)
20131	107	Republican Party	53	OK	1	2	SULLIVAN, John
20132	107	Democratic Party	53	OK	2	0	CARSON, Brad
20133	107	Republican Party	14	PA	4	0	HART, Melissa A.
20134	107	Republican Party	14	PA	9	2	SHUSTER, William (Bill)
20135	107	Republican Party	14	PA	19	0	PLATTS, Todd
20136	107	Democratic Party	5	RI	2	0	LANGEVIN, James
20137	107	Republican Party	48	SC	1	0	BROWN, Henry Edward, Jr.
20138	107	Republican Party	48	SC	2	2	WILSON, Addison Graves (Joe)
20139	107	Republican Party	49	TX	7	0	CULBERSON, John
20140	107	Democratic Party	67	UT	2	0	MATHESON, James David (Jim)
20141	107	Republican Party	40	VA	1	0	DAVIS, Jo Ann
20142	107	Republican Party	40	VA	2	0	SCHROCK, Edward
20143	107	Republican Party	40	VA	4	2	FORBES, J. Randy
20144	107	Republican Party	40	VA	7	0	CANTOR, Eric
20145	107	Democratic Party	73	WA	2	0	LARSEN, Richard Ray (Rick)
20146	107	Republican Party	56	WV	2	0	CAPITO, Shelley Moore
20147	107	Democratic Party	34	MO	1	0	CLAY, William Lacy, Jr.
20300	108	Republican Party	41	AL	1	0	BONNER, Jr., Josiah Robins (Jo)
20301	108	Republican Party	41	AL	3	0	ROGERS, Mike Dennis
20302	108	Democratic Party	41	AL	7	0	DAVIS, Artur
20303	108	Republican Party	61	AZ	1	0	RENZI, Rick
20304	108	Republican Party	61	AZ	2	0	FRANKS, Trent
20305	108	Democratic Party	61	AZ	7	0	GRIJALVA, Raúl M.
20306	108	Democratic Party	71	CA	18	0	CARDOZA, Dennis A.
20307	108	Republican Party	71	CA	21	0	NUNES, Devin
20310	108	Democratic Party	71	CA	39	0	SÁNCHEZ, Linda T.
20311	108	Republican Party	62	CO	4	0	MUSGRAVE, Marilyn N
20312	108	Republican Party	62	CO	7	0	BEAUPREZ, Bob
20313	108	Republican Party	43	FL	5	0	BROWN-WAITE, Virginia (Ginny)
20314	108	Republican Party	43	FL	13	0	HARRIS, Katherine
20315	108	Republican Party	43	FL	24	0	FEENEY, Tom
20316	108	Republican Party	43	FL	25	0	DIAZ-BALART, Mario
20317	108	Democratic Party	44	GA	3	0	MARSHALL, Jim
20318	108	Democratic Party	44	GA	4	0	MAJETTE, Denise L.
20319	108	Republican Party	44	GA	11	0	GINGREY, Phil
20320	108	Republican Party	44	GA	12	0	BURNS, Max
20321	108	Democratic Party	44	GA	13	0	SCOTT, David
20322	108	Democratic Party	82	HI	2	2	CASE, Ed
20323	108	Democratic Party	21	IL	5	0	EMANUEL, Rahm
20324	108	Republican Party	22	IN	2	0	CHOCOLA, Chris
20325	108	Republican Party	31	IA	5	0	KING, Steve
20326	108	Democratic Party	51	KY	6	2	CHANDLER, A. B. (Ben)
20327	108	Democratic Party	45	LA	5	0	ALEXANDER, Rodney
20328	108	Democratic Party	2	ME	2	0	MICHAUD, Michael H.
20329	108	Democratic Party	52	MD	2	0	RUPPERSBERGER, C. A. (Dutch)
20330	108	Democratic Party	52	MD	8	0	VAN HOLLEN, Christopher
20331	108	Republican Party	23	MI	10	0	MILLER, Candice S.
20332	108	Republican Party	23	MI	11	0	McCOTTER, Thaddeus George
20333	108	Republican Party	33	MN	2	0	KLINE, John
20334	108	Republican Party	65	NV	3	0	PORTER, Jon C.
20335	108	Republican Party	4	NH	1	0	BRADLEY, Jeb
20336	108	Republican Party	12	NJ	5	0	GARRETT, Scott
20337	108	Republican Party	66	NM	2	0	PEARCE, Stevan
20338	108	Democratic Party	13	NY	1	0	BISHOP, Timothy H.
20339	108	Democratic Party	47	NC	1	1	BALLANCE, Frank W., Jr.
20340	108	Democratic Party	47	NC	1	2	BUTTERFIELD, George Kenneth, Jr. (G.K.)
20341	108	Democratic Party	47	NC	13	0	MILLER, Brad
20342	108	Republican Party	24	OH	3	0	TURNER, Michael R.
20343	108	Democratic Party	24	OH	17	0	RYAN, Timothy J.
20344	108	Republican Party	53	OK	4	0	COLE, Tom
20345	108	Republican Party	14	PA	6	0	GERLACH, Jim
20346	108	Republican Party	14	PA	18	0	MURPHY, Timothy
20347	108	Republican Party	48	SC	3	0	BARRETT, James Gresham
20348	108	Republican Party	37	SD	1	1	JANKLOW, William J.
20349	108	Democratic Party	37	SD	1	2	HERSETH SANDLIN, Stephanie
20350	108	Democratic Party	54	TN	4	0	DAVIS, Lincoln
20351	108	Republican Party	54	TN	7	0	BLACKBURN, Marsha
20352	108	Republican Party	49	TX	5	0	HENSARLING, Jeb
20353	108	Republican Party	49	TX	19	2	NEUGEBAUER, Randy
20354	108	Democratic Party	49	TX	25	0	BELL, Chris
20355	108	Republican Party	49	TX	26	0	BURGESS, Michael C.
20356	108	Republican Party	49	TX	31	0	CARTER, John R.
20357	108	Republican Party	67	UT	1	0	BISHOP, Robert (Rob)
20358	108	Democratic Party	43	FL	17	0	MEEK, Kendrick B.
20501	109	Democratic Party	71	CA	20	0	COSTA, Jim
20502	109	Democratic Party	62	CO	3	0	SALAZAR, John
20503	109	Republican Party	43	FL	14	0	MACK, Connie, IV
20504	109	Democratic Party	43	FL	20	0	WASSERMAN SCHULTZ, Debbie
20505	109	Republican Party	44	GA	6	0	PRICE, Tom
20506	109	Republican Party	44	GA	8	0	WESTMORELAND, Lynn A.
20507	109	Democratic Party	44	GA	12	0	BARROW, John
20508	109	Democratic Party	21	IL	3	0	LIPINSKI, Daniel
20509	109	Democratic Party	21	IL	8	0	BEAN, Melissa L.
20510	109	Republican Party	22	IN	9	0	SODREL, Michael E.
20511	109	Republican Party	51	KY	4	0	DAVIS, Geoffrey C. (Geoff)
20512	109	Republican Party	45	LA	1	0	JINDAL, Bobby
20513	109	Democratic Party	45	LA	3	0	MELANCON, Charles J.
20514	109	Republican Party	45	LA	7	0	BOUSTANY, Charles W.
20515	109	Republican Party	23	MI	7	0	SCHWARZ, John J. H. (Joe)
20516	109	Democratic Party	34	MO	3	0	CARNAHAN, Russ
20517	109	Democratic Party	34	MO	5	0	CLEAVER, Emanuel, II
20518	109	Republican Party	35	NE	1	0	FORTENBERRY, Jeff
20519	109	Democratic Party	13	NY	27	0	HIGGINS, Brian
20520	109	Republican Party	13	NY	29	0	KUHL, John R. (Randy), Jr.
20521	109	Republican Party	47	NC	5	0	FOXX, Virginia Ann
20522	109	Republican Party	47	NC	10	0	McHENRY, Patrick T.
20523	109	Democratic Party	53	OK	2	0	BOREN, Daniel David
20524	109	Republican Party	14	PA	8	0	FITZPATRICK, Michael G.
20525	109	Democratic Party	14	PA	13	0	SCHWARTZ, Allyson Y.
20526	109	Republican Party	14	PA	15	0	DENT, Charles W.
20527	109	Republican Party	49	TX	1	0	GOHMERT, Louie
20528	109	Republican Party	49	TX	2	0	POE, Ted
20529	109	Democratic Party	49	TX	9	0	GREEN, Al
20530	109	Republican Party	49	TX	10	0	McCAUL, Michael T.
20531	109	Republican Party	49	TX	11	0	CONAWAY, K. Michael
20532	109	Republican Party	49	TX	24	0	MARCHANT, Kenny
20533	109	Democratic Party	49	TX	28	0	CUELLAR, Henry
20534	109	Republican Party	40	VA	2	0	DRAKE, Thelma D.
20535	109	Republican Party	73	WA	5	0	McMORRIS RODGERS, Cathy
20536	109	Republican Party	73	WA	8	0	REICHERT, David G.
20537	109	Democratic Party	25	WI	4	0	MOORE, Gwendolynne S. (Gwen)
20538	109	Democratic Party	71	CA	5	2	MATSUI, Doris
20539	109	Republican Party	71	CA	48	2	CAMPBELL, John (of California)
20540	109	Republican Party	24	OH	2	2	SCHMIDT, Jean
20541	109	Republican Party	49	TX	22	2	SEKULA GIBBS, Shelley
20542	109	Democratic Party	12	NJ	13	2	SIRES, Albio
20700	110	Democratic Party	61	AZ	5	0	MITCHELL, Harry E.
20701	110	Democratic Party	61	AZ	8	0	GIFFORDS, Gabrielle
20702	110	Democratic Party	71	CA	11	0	McNERNEY, Jerry
20703	110	Republican Party	71	CA	22	0	MCCARTHY, Kevin
20704	110	Republican Party	62	CO	5	0	LAMBORN, Doug
20705	110	Democratic Party	62	CO	7	0	PERLMUTTER, Ed
20706	110	Democratic Party	1	CT	2	0	COURTNEY, Joe
20707	110	Democratic Party	1	CT	5	0	MURPHY, Christopher
20708	110	Democratic Party	43	FL	11	0	CASTOR, Kathy
20709	110	Republican Party	43	FL	13	0	BUCHANAN, Vernon G.
20710	110	Democratic Party	43	FL	16	0	MAHONEY, Tim
20711	110	Democratic Party	43	FL	22	0	KLEIN, Ron
20712	110	Democratic Party	44	GA	4	0	JOHNSON, Hank
20713	110	Democratic Party	82	HI	2	0	HIRONO, Mazie
20714	110	Republican Party	63	ID	1	0	SALI, William
20715	110	Republican Party	21	IL	6	0	ROSKAM, Peter
20716	110	Democratic Party	21	IL	17	0	HARE, Phil
20717	110	Democratic Party	22	IN	2	0	DONNELLY, Joe
20718	110	Democratic Party	22	IN	8	0	ELLSWORTH, Brad
20719	110	Democratic Party	31	IA	1	0	BRALEY, Bruce
20720	110	Democratic Party	31	IA	2	0	LOEBSACK, Dave
20721	110	Democratic Party	32	KS	2	0	BOYDA, Nancy
20723	110	Democratic Party	51	KY	3	0	YARMUTH, John
20724	110	Democratic Party	52	MD	3	0	SARBANES, John
20725	110	Republican Party	23	MI	7	0	WALBERG, Tim
20726	110	Democratic Party	33	MN	1	0	WALZ, Tim
20727	110	Democratic Party	33	MN	5	0	ELLISON, Keith
20728	110	Republican Party	33	MN	6	0	BACHMANN, Michele
20729	110	Republican Party	35	NE	3	0	SMITH, Adrian
20730	110	Republican Party	65	NV	2	0	HELLER, Dean
20731	110	Democratic Party	4	NH	1	0	SHEA-PORTER, Carol
20732	110	Democratic Party	4	NH	2	0	HODES, Paul
20733	110	Democratic Party	13	NY	11	0	CLARKE, Yvette Diane
20734	110	Democratic Party	13	NY	19	0	HALL, John
20735	110	Democratic Party	13	NY	20	0	GILLIBRAND, Kirsten
20736	110	Democratic Party	13	NY	24	0	ARCURI, Michael
20737	110	Democratic Party	47	NC	11	0	SHULER, Heath
20738	110	Republican Party	24	OH	4	0	JORDAN, Jim
20739	110	Democratic Party	24	OH	6	0	WILSON, Charlie
20740	110	Democratic Party	24	OH	13	0	SUTTON, Betty
20741	110	Democratic Party	24	OH	18	0	SPACE, Zack
20742	110	Republican Party	53	OK	5	0	FALLIN, Mary
20743	110	Democratic Party	14	PA	4	0	ALTMIRE, Jason
20744	110	Democratic Party	14	PA	7	0	SESTAK, Joe
20745	110	Democratic Party	14	PA	8	0	MURPHY, Patrick
20746	110	Democratic Party	14	PA	10	0	CARNEY, Chris
20747	110	Republican Party	54	TN	1	0	DAVIS, David
20748	110	Democratic Party	54	TN	9	0	COHEN, Stephen
20749	110	Democratic Party	21	IL	14	2	FOSTER, Bill
20750	110	Democratic Party	6	VT	1	0	WELCH, Peter
20751	110	Democratic Party	25	WI	8	0	KAGEN, Steven
20752	110	Democratic Party	71	CA	37	2	RICHARDSON, Laura
20753	110	Republican Party	44	GA	10	2	BROUN, Paul C., Jr.
20754	110	Democratic Party	3	MA	5	2	TSONGAS, Nicola S. (Niki)
20755	110	Republican Party	24	OH	5	2	LATTA, Robert E.
20756	110	Republican Party	40	VA	1	2	WITTMAN, Robert J.
20757	110	Democratic Party	22	IN	7	2	CARSON, André
20758	110	Republican Party	43	FL	9	0	BILIRAKIS, Gus
20759	110	Republican Party	45	LA	1	2	SCALISE, Steve
20760	110	Democratic Party	45	LA	6	2	CAZAYOUX, Donald J. Jr.
20761	110	Democratic Party	46	MS	1	2	CHILDERS, Travis W.
20762	110	Democratic Party	71	CA	12	2	SPEIER, Karen Lorraine Jacqueline (Jackie)
20763	110	Democratic Party	52	MD	4	2	EDWARDS, Donna F.
20900	111	Democratic Party	41	AL	2	0	BRIGHT, Bobby Neal, Sr.
20901	111	Democratic Party	41	AL	5	0	GRIFFITH, Parker
20902	111	Democratic Party	61	AZ	1	0	KIRKPATRICK, Ann
20903	111	Republican Party	71	CA	4	0	McCLINTOCK, Tom
20904	111	Democratic Party	62	CO	2	0	POLIS, Jared
20905	111	Democratic Party	62	CO	4	0	MARKEY, Betsy
20906	111	Republican Party	62	CO	6	0	COFFMAN, Mike
20907	111	Democratic Party	1	CT	4	0	HIMES, James A.
20908	111	Democratic Party	43	FL	8	0	GRAYSON, Alan
20909	111	Republican Party	43	FL	15	0	POSEY, Bill
20910	111	Republican Party	43	FL	16	0	ROONEY, Thomas J.
20911	111	Democratic Party	43	FL	24	0	KOSMAS, Suzanne M.
20912	111	Democratic Party	63	ID	1	0	MINNICK, Walt
20913	111	Democratic Party	21	IL	11	0	HALVORSON, Deborah L.
20914	111	Republican Party	21	IL	18	0	SCHOCK, Aaron
20915	111	Republican Party	32	KS	2	0	JENKINS, Lynn
20916	111	Republican Party	51	KY	2	0	GUTHRIE, Brett
20917	111	Republican Party	45	LA	2	0	CAO, Anh (Joseph)
20918	111	Republican Party	45	LA	4	0	FLEMING, John
20919	111	Republican Party	45	LA	6	0	CASSIDY, Bill
20920	111	Democratic Party	2	ME	1	0	PINGREE, Chellie
20921	111	Democratic Party	52	MD	1	0	KRATOVIL, Frank M., Jr.
20922	111	Democratic Party	23	MI	7	0	SCHAUER, Mark H.
20923	111	Democratic Party	23	MI	9	0	PETERS, Gary C.
20924	111	Republican Party	33	MN	3	0	PAULSEN, Erik
20925	111	Republican Party	46	MS	3	0	HARPER, Gregg
20926	111	Republican Party	34	MO	9	0	LUETKEMEYER, Blaine
20927	111	Democratic Party	65	NV	3	0	TITUS, Alice (Dina)
20928	111	Democratic Party	12	NJ	3	0	ADLER, John H.
20929	111	Republican Party	12	NJ	7	0	LANCE, Leonard
20930	111	Democratic Party	66	NM	1	0	HEINRICH, Martin
20931	111	Democratic Party	66	NM	2	0	TEAGUE, Harry
20932	111	Democratic Party	66	NM	3	0	LUJÁN, Ben Ray
20933	111	Democratic Party	13	NY	13	0	McMAHON, Michael E.
20934	111	Democratic Party	13	NY	21	0	TONKO, Paul
20935	111	Democratic Party	13	NY	25	0	MAFFEI, Daniel B.
20936	111	Republican Party	13	NY	26	0	LEE, Christopher John
20937	111	Democratic Party	13	NY	29	1	MASSA, Eric J.J.
20938	111	Democratic Party	47	NC	8	0	KISSELL, Larry
20939	111	Democratic Party	24	OH	1	0	DRIEHAUS, Steve
20940	111	Republican Party	24	OH	7	0	AUSTRIA, Steve
20941	110	Democratic Party	24	OH	11	2	FUDGE, Marcia L.
20942	111	Democratic Party	24	OH	15	0	KILROY, Mary Jo
20943	111	Democratic Party	24	OH	16	0	BOCCIERI, John A.
20944	111	Democratic Party	72	OR	5	0	SCHRADER, Kurt
20945	111	Democratic Party	14	PA	3	0	DAHLKEMPER, Kathleen A. (Kathy)
20946	111	Republican Party	14	PA	5	0	THOMPSON, Glenn
20947	111	Republican Party	54	TN	1	0	ROE, David P. (Phil)
20948	111	Republican Party	49	TX	22	0	OLSON, Pete
20949	111	Republican Party	67	UT	3	0	CHAFFETZ, Jason
20950	111	Democratic Party	40	VA	2	0	NYE, Glenn C., III
20951	111	Democratic Party	40	VA	5	0	PERRIELLO, Tom
20952	111	Democratic Party	40	VA	11	0	CONNOLLY, Gerald E. (Gerry)
20953	111	Republican Party	68	WY	1	0	LUMMIS, Cynthia M.
20954	111	Democratic Party	21	IL	5	2	QUIGLEY, Mike
20955	111	Democratic Party	71	CA	32	2	CHU, Judy
20956	111	Democratic Party	13	NY	20	2	MURPHY, Scott
20957	111	Democratic Party	13	NY	23	2	OWENS, William
20958	111	Democratic Party	71	CA	10	2	GARAMENDI, John
20959	111	Democratic Party	43	FL	19	2	DEUTCH, Theodore E. (Ted)
20960	111	Democratic Party	14	PA	12	2	CRITZ, Mark S.
20961	111	Republican Party	82	HI	1	2	DJOU, Charles
20962	111	Republican Party	44	GA	9	2	GRAVES, Tom
20963	111	Republican Party	71	CA	52	0	HUNTER, Duncan Duane
21100	111	Republican Party	22	IN	3	2	STUTZMAN, Marlin
21101	111	Republican Party	13	NY	29	2	REED, Thomas W. II
21102	112	Democratic Party	41	AL	7	0	SEWELL, Terri
21103	112	Republican Party	61	AZ	1	0	GOSAR, Paul
21104	112	Republican Party	61	AZ	3	0	QUAYLE, Ben
21105	112	Republican Party	61	AZ	5	0	SCHWEIKERT, David
21106	112	Republican Party	42	AR	1	0	CRAWFORD, Rick
21107	112	Republican Party	42	AR	2	0	GRIFFIN, Tim
21108	112	Republican Party	42	AR	3	0	WOMACK, Steve
21109	112	Republican Party	71	CA	19	0	DENHAM, Jeff
21110	112	Democratic Party	71	CA	33	0	BASS, Karen
21111	112	Republican Party	62	CO	3	0	TIPTON, Scott
21112	112	Republican Party	62	CO	4	0	GARDNER, Cory
21113	112	Democratic Party	11	DE	1	0	CARNEY, John C., Jr.
21114	112	Republican Party	43	FL	2	0	SOUTHERLAND, Steve
21115	112	Republican Party	43	FL	5	0	NUGENT, Richard
21116	112	Republican Party	43	FL	8	0	WEBSTER, Daniel A.
21117	112	Republican Party	43	FL	12	0	ROSS, Dennis
21118	112	Democratic Party	43	FL	17	0	WILSON, Frederica
21119	112	Republican Party	43	FL	22	0	WEST, Allen
21120	112	Republican Party	43	FL	24	0	ADAMS, Sandra (Sandy)
21121	112	Republican Party	43	FL	25	0	RIVERA, David
21122	112	Republican Party	44	GA	7	0	WOODALL, Rob
21123	112	Republican Party	44	GA	8	0	SCOTT, Austin
21124	112	Democratic Party	82	HI	1	0	HANABUSA, Colleen
21125	112	Republican Party	63	ID	1	0	LABRADOR, Raúl R.
21126	112	Republican Party	21	IL	8	0	WALSH, Joe
21127	112	Republican Party	21	IL	10	0	DOLD, Robert
21128	112	Republican Party	21	IL	11	0	KINZINGER, Adam
21129	112	Republican Party	21	IL	14	0	HULTGREN, Randy
21130	112	Republican Party	21	IL	17	0	SCHILLING, Bobby
21131	112	Republican Party	22	IN	4	0	ROKITA, Todd
21132	112	Republican Party	22	IN	8	0	BUCSHON, Larry
21133	112	Republican Party	22	IN	9	0	YOUNG, Todd
21134	112	Republican Party	32	KS	1	0	HUELSKAMP, Tim
21135	112	Republican Party	32	KS	3	0	YODER, Kevin
21136	112	Republican Party	32	KS	4	0	POMPEO, Mike
21137	112	Democratic Party	45	LA	2	0	RICHMOND, Cedric
21138	112	Republican Party	45	LA	3	0	LANDRY, Jeff
21139	112	Republican Party	52	MD	1	0	HARRIS, Andy
21140	112	Democratic Party	3	MA	10	0	KEATING, William R.
21141	112	Republican Party	23	MI	1	0	BENISHEK, Dan
21142	112	Republican Party	23	MI	2	0	HUIZENGA, Bill
21143	112	Republican Party	23	MI	3	0	AMASH, Justin
21145	112	Democratic Party	23	MI	13	0	CLARKE, Hansen
21146	112	Republican Party	33	MN	8	0	CRAVAACK, Chip
21147	112	Republican Party	46	MS	1	0	NUNNELEE, Alan
21148	112	Republican Party	46	MS	4	0	PALAZZO, Steven
21149	112	Republican Party	34	MO	4	0	HARTZLER, Vicky
21150	112	Republican Party	34	MO	7	0	LONG, Billy
21151	112	Republican Party	65	NV	3	0	HECK, Joe
21152	112	Republican Party	4	NH	1	0	GUINTA, Frank
21153	112	Republican Party	12	NJ	3	0	RUNYAN, Jon
21154	112	Republican Party	13	NY	13	0	GRIMM, Michael G.
21155	112	Republican Party	13	NY	19	0	HAYWORTH, Nan
21156	112	Republican Party	13	NY	20	0	GIBSON, Christopher
21157	112	Republican Party	13	NY	24	0	HANNA, Richard
21158	112	Republican Party	13	NY	25	0	BUERKLE, Ann Marie
21159	112	Republican Party	47	NC	2	0	ELLMERS, Renee
21160	112	Republican Party	36	ND	1	0	BERG, Rick
21162	112	Republican Party	24	OH	6	0	JOHNSON, Bill
21163	112	Republican Party	24	OH	15	0	STIVERS, Steve
21164	112	Republican Party	24	OH	16	0	RENACCI, Jim
21165	112	Republican Party	24	OH	18	0	GIBBS, Bob
21166	112	Republican Party	53	OK	5	0	LANKFORD, James
21167	112	Republican Party	14	PA	3	0	KELLY, Mike
21168	112	Republican Party	14	PA	7	0	MEEHAN, Patrick
21170	112	Republican Party	14	PA	10	0	MARINO, Thomas A.
21171	112	Republican Party	14	PA	11	0	BARLETTA, Lou
21172	112	Democratic Party	5	RI	1	0	CICILLINE, David N.
21173	112	Republican Party	48	SC	1	0	SCOTT, Tim
21174	112	Republican Party	48	SC	3	0	DUNCAN, Jeff
21175	112	Republican Party	48	SC	4	0	GOWDY, Trey
21176	112	Republican Party	48	SC	5	0	MULVANEY, Mick
21177	112	Republican Party	37	SD	1	0	NOEM, Kristi
21178	112	Republican Party	54	TN	3	0	FLEISCHMANN, Chuck
21179	112	Republican Party	54	TN	4	0	DESJARLAIS, Scott
21180	112	Republican Party	54	TN	6	0	BLACK, Diane
21181	112	Republican Party	54	TN	8	0	FINCHER, Stephen Lee
21182	112	Republican Party	49	TX	17	0	FLORES, Bill
21183	112	Republican Party	49	TX	23	0	CANSECO, Francisco (Quico)
21184	112	Republican Party	49	TX	27	0	FARENTHOLD, Blake
21185	112	Republican Party	40	VA	2	0	RIGELL, E. Scott
21186	112	Republican Party	40	VA	5	0	HURT, Robert
21187	112	Republican Party	73	WA	3	0	HERRERA BEUTLER, Jaime
21188	112	Republican Party	56	WV	1	0	McKINLEY, David
21189	112	Republican Party	25	WI	7	0	DUFFY, Sean
21190	112	Republican Party	25	WI	8	0	RIBBLE, Reid
21191	112	Republican Party	40	VA	9	0	GRIFFITH, H. Morgan
21192	112	Republican Party	41	AL	2	0	ROBY, Martha
21193	112	Republican Party	41	AL	5	0	BROOKS, Mo
21194	112	Democratic Party	13	NY	26	2	HOCHUL, Kathleen C.
21195	112	Democratic Party	71	CA	36	2	HAHN, Janice
21196	112	Republican Party	65	NV	2	2	AMODEI, Mark E.
21197	112	Republican Party	13	NY	9	2	TURNER, Robert L.
21198	112	Democratic Party	72	OR	1	2	BONAMICI, Suzanne
21199	112	Democratic Party	61	AZ	8	2	BARBER, Ron
21300	113	Democratic Party	61	AZ	9	0	SINEMA, Kyrsten
21301	113	Republican Party	42	AR	4	0	COTTON, Tom
21302	113	Republican Party	71	CA	1	0	LaMALFA, Doug
21303	113	Democratic Party	71	CA	2	0	HUFFMAN, Jared
21304	113	Democratic Party	71	CA	7	0	BERA, Ami
21305	113	Republican Party	71	CA	8	0	COOK, Paul
21306	113	Democratic Party	71	CA	15	0	SWALWELL, Eric
21307	113	Republican Party	71	CA	21	0	VALADAO, David G.
21308	113	Democratic Party	71	CA	26	0	BROWNLEY, Julia
21309	113	Democratic Party	71	CA	29	0	CÁRDENAS, Tony
21310	113	Democratic Party	71	CA	35	0	NEGRETE McLEOD, Gloria
21311	113	Democratic Party	71	CA	36	0	RUIZ, Raul
21312	113	Democratic Party	71	CA	41	0	TAKANO, Mark
21313	113	Democratic Party	71	CA	47	0	LOWENTHAL, Alan
21314	113	Democratic Party	71	CA	51	0	VARGAS, Juan
21315	113	Democratic Party	71	CA	52	0	PETERS, Scott
21316	113	Democratic Party	1	CT	5	0	ESTY, Elizabeth
21317	113	Republican Party	43	FL	3	0	YOHO, Ted
21318	113	Republican Party	43	FL	6	0	DeSANTIS, Ron
21319	113	Democratic Party	43	FL	18	0	MURPHY, Patrick
21320	113	Republican Party	43	FL	19	1	RADEL, Trey
21321	113	Democratic Party	43	FL	22	0	FRANKEL, Lois
21322	113	Democratic Party	43	FL	26	0	GARCIA, Joe
21323	113	Republican Party	44	GA	9	0	COLLINS, Doug
21324	113	Democratic Party	82	HI	2	0	GABBARD, Tulsi
21325	113	Democratic Party	21	IL	8	0	DUCKWORTH, Tammy
21326	113	Democratic Party	21	IL	10	0	SCHNEIDER, Brad
21327	113	Democratic Party	21	IL	12	0	ENYART, Bill
21328	113	Republican Party	21	IL	13	0	DAVIS, Rodney
21329	113	Democratic Party	21	IL	17	0	BUSTOS, Cheri
21330	113	Republican Party	22	IN	2	0	WALORSKI, Jackie
21331	113	Republican Party	22	IN	5	0	BROOKS, Susan
21332	113	Republican Party	22	IN	6	0	MESSER, Luke
21333	113	Republican Party	51	KY	6	0	BARR, Garland H. (Andy) IV
21334	113	Democratic Party	52	MD	6	0	DELANEY, John
21335	113	Democratic Party	3	MA	4	0	KENNEDY, Joseph P. III
21336	113	Republican Party	23	MI	11	0	BENTIVOLIO, Kerry
21337	113	Republican Party	34	MO	2	0	WAGNER, Ann
21338	113	Republican Party	64	MT	1	0	DAINES, Steve
21339	113	Democratic Party	65	NV	4	0	HORSFORD, Steven
21340	113	Democratic Party	4	NH	2	0	KUSTER, Ann McLane
21341	113	Democratic Party	66	NM	1	0	LUJAN GRISHAM, Michelle
21342	113	Democratic Party	13	NY	6	0	MENG, Grace
21343	113	Democratic Party	13	NY	8	0	JEFFRIES, Hakeem
21344	113	Democratic Party	13	NY	18	0	MALONEY, Sean Patrick
21345	113	Republican Party	13	NY	27	0	COLLINS, Chris
21346	113	Republican Party	47	NC	8	0	HUDSON, Richard
21347	113	Republican Party	47	NC	9	0	PITTENGER, Robert
21348	113	Republican Party	47	NC	11	0	MEADOWS, Mark
21349	113	Republican Party	47	NC	13	0	HOLDING, George E.B.
21350	113	Republican Party	36	ND	1	0	CRAMER, Kevin
21351	113	Republican Party	24	OH	2	0	WENSTRUP, Brad
21352	113	Democratic Party	24	OH	3	0	BEATTY, Joyce
21353	113	Republican Party	24	OH	14	0	JOYCE, David
21354	113	Republican Party	53	OK	1	0	BRIDENSTINE, Jim
21355	113	Republican Party	53	OK	2	0	MULLIN, Markwayne
21356	113	Republican Party	14	PA	4	0	PERRY, Scott
21357	113	Republican Party	14	PA	12	0	ROTHFUS, Keith
21358	113	Democratic Party	14	PA	17	0	CARTWRIGHT, Matt
21359	113	Republican Party	48	SC	7	0	RICE, Tom
21360	113	Republican Party	49	TX	14	0	WEBER, Randy
21361	113	Democratic Party	49	TX	16	0	O'ROURKE, Beto
21362	113	Democratic Party	49	TX	20	0	CASTRO, Joaquin
21363	113	Democratic Party	49	TX	23	0	GALLEGO, Pete P.
21364	113	Republican Party	49	TX	25	0	WILLIAMS, Roger
21365	113	Democratic Party	49	TX	33	0	VEASEY, Marc
21366	113	Democratic Party	49	TX	34	0	VELA, Filemon
21367	113	Republican Party	67	UT	2	0	STEWART, Chris
21368	113	Democratic Party	73	WA	6	0	KILMER, Derek
21369	113	Democratic Party	73	WA	10	0	HECK, Denny
21370	113	Democratic Party	25	WI	2	0	POCAN, Mark
21371	113	Democratic Party	21	IL	2	1	KELLY, Robin L.
21372	113	Democratic Party	23	MI	5	0	KILDEE, Dan
21373	113	Republican Party	34	MO	8	2	SMITH, Jason
21374	113	Republican Party	45	LA	5	2	McALLISTER, Vance M.
21375	113	Democratic Party	3	MA	5	2	CLARK, Katherine M.
21376	113	Republican Party	41	AL	1	2	BYRNE, Bradley
21377	113	Republican Party	43	FL	19	2	CLAWSON, Curt
21401	113	Republican Party	43	FL	13	2	JOLLY, David W.
21500	114	Republican Party	41	AL	6	0	PALMER, Gary James
21501	114	Republican Party	61	AZ	2	0	McSALLY, Martha
21502	114	Democratic Party	61	AZ	7	0	GALLEGO, Ruben
21503	114	Republican Party	42	AR	2	0	HILL, French
21504	114	Democratic Party	71	CA	11	0	DESAULNIER, Mark James
21505	114	Republican Party	71	CA	25	0	KNIGHT, Steve
21506	114	Democratic Party	71	CA	31	0	AGUILAR, Peter Rey
21507	114	Democratic Party	71	CA	33	0	LIEU, Ted
21508	114	Democratic Party	71	CA	35	0	TORRES, Norma Judith
21509	114	Republican Party	71	CA	45	0	WALTERS, Mimi
21510	114	Republican Party	62	CO	4	0	BUCK, Kenneth Robert
21511	114	Democratic Party	43	FL	2	0	GRAHAM, Gwendolyn (Gwen)
21512	114	Republican Party	43	FL	26	0	CURBELO, Carlos
21513	114	Republican Party	44	GA	1	0	CARTER, Buddy
21514	114	Republican Party	44	GA	10	0	HICE, Jody Brownlow
21515	114	Republican Party	44	GA	11	0	LOUDERMILK, Barry D.
21516	114	Republican Party	44	GA	12	0	ALLEN, Rick W.
21517	114	Democratic Party	82	HI	1	1	TAKAI, Mark
21518	114	Republican Party	21	IL	10	0	DOLD, Robert
21519	114	Republican Party	21	IL	12	0	BOST, Mike
21520	114	Republican Party	31	IA	1	0	BLUM, Rod
21521	114	Republican Party	31	IA	3	0	YOUNG, David
21522	114	Republican Party	45	LA	5	0	ABRAHAM, Ralph
21523	114	Republican Party	45	LA	6	0	GRAVES, Garret
21524	114	Republican Party	2	ME	2	0	POLIQUIN, Bruce Lee
21525	114	Democratic Party	3	MA	6	0	MOULTON, Seth
21526	114	Republican Party	23	MI	4	0	MOOLENAAR, John
21527	114	Republican Party	23	MI	8	0	BISHOP, Michael Dean
21528	114	Republican Party	23	MI	11	0	TROTT, David A.
21529	114	Democratic Party	23	MI	12	0	DINGELL, Debbie
21530	114	Democratic Party	23	MI	14	0	LAWRENCE, Brenda L
21531	114	Republican Party	33	MN	6	0	EMMER, Thomas Earl II
21532	114	Republican Party	64	MT	1	0	ZINKE, Ryan
21533	114	Democratic Party	35	NE	2	0	ASHFORD, John Bradley
21534	114	Republican Party	65	NV	4	0	HARDY, Cresent Leo
21535	114	Republican Party	4	NH	1	0	GUINTA, Frank
21536	113	Democratic Party	12	NJ	1	2	NORCROSS, Donald
21537	114	Republican Party	12	NJ	3	0	MacARTHUR, Thomas Charles
21538	114	Democratic Party	12	NJ	12	0	WATSON COLEMAN, Bonnie
21539	114	Republican Party	13	NY	1	0	ZELDIN, Lee M
21540	114	Democratic Party	13	NY	4	0	RICE, Kathleen Maura
21541	114	Republican Party	13	NY	21	0	STEFANIK, Elise M
21542	114	Republican Party	13	NY	24	0	KATKO, John
21543	114	Republican Party	47	NC	6	0	WALKER, Bradley Mark
21544	114	Republican Party	47	NC	7	0	ROUZER, David
21545	113	Democratic Party	47	NC	12	2	ADAMS, Alma
21546	114	Republican Party	53	OK	5	0	RUSSELL, Steve
21547	114	Republican Party	14	PA	6	0	COSTELLO, Ryan
21548	114	Democratic Party	14	PA	13	0	BOYLE, Brendan Francis
21549	114	Republican Party	49	TX	4	0	RATCLIFFE, John
21550	114	Republican Party	49	TX	23	0	HURD, William Ballard
21551	114	Republican Party	49	TX	36	0	BABIN, Brian
21552	114	Republican Party	67	UT	4	0	LOVE, Ludmya Bourdeau (Mia)
21553	113	Republican Party	40	VA	7	2	BRAT, David A.
21554	114	Democratic Party	40	VA	8	0	BEYER, Donald Sternoff Jr.
21555	114	Republican Party	40	VA	10	0	COMSTOCK, Barbara J.
21556	114	Republican Party	73	WA	4	0	NEWHOUSE, Daniel Milton
21557	114	Republican Party	56	WV	2	0	MOONEY, Alex X.
21558	114	Republican Party	56	WV	3	0	JENKINS, Evan H.
21559	114	Republican Party	25	WI	6	0	GROTHMAN, Glenn
21560	114	Republican Party	13	NY	11	2	DONOVAN, Daniel M., Jr.
21561	114	Republican Party	46	MS	1	2	KELLY, Trent
21562	114	Republican Party	21	IL	18	2	LaHOOD, Darin
21563	114	Republican Party	42	AR	4	0	WESTERMAN, Bruce Eugene
21564	114	Republican Party	24	OH	8	2	DAVIDSON, Warren
21565	114	Republican Party	51	KY	1	2	COMER, James
21566	114	Democratic Party	14	PA	2	2	EVANS, Dwight
21700	115	Republican Party	49	TX	19		ARRINGTON, Jodey Cook
21701	115	Republican Party	35	NE	2		BACON, Donald J.
21702	115	Republican Party	22	IN	3		BANKS, James E.
21703	115	Democratic Party	71	CA	44		BARRAGÁN, Nanette Diaz
21704	115	Republican Party	23	MI	1		BERGMAN, John
21705	115	Republican Party	61	AZ	5		BIGGS, Andrew S.
21706	115	Democratic Party	11	DE	1		BLUNT ROCHESTER, Lisa
21707	115	Democratic Party	52	MD	4		BROWN, Anthony Gregory
21708	115	Republican Party	47	NC	13		BUDD, Theodore Paul
21709	115	Democratic Party	71	CA	24		CARBAJAL, Salud
21710	115	Republican Party	68	WY	1		CHENEY, Liz
21711	115	Democratic Party	71	CA	46		CORREA, Jose Luis
21712	115	Democratic Party	43	FL	13		CRIST, Charlie Joseph Jr.
21713	115	Democratic Party	43	FL	10		DEMINGS, Valdez Butler
21714	115	Republican Party	43	FL	2		DUNN, Neal Patrick
21715	115	Democratic Party	13	NY	13		ESPAILLAT, Adriano J.
21716	115	Republican Party	13	NY	19		FASO, John J.
21717	115	Republican Party	44	GA	3		FERGUSON, Anderson Drew IV
21718	115	Republican Party	14	PA	8		FITZPATRICK, Brian K.
21719	115	Republican Party	43	FL	1		GAETZ, Matthew L. II
21720	115	Republican Party	25	WI	8		GALLAGHER, Michael
21721	115	Republican Party	40	VA	5		GARRETT, Thomas Alexander Jr.
21722	115	Democratic Party	49	TX	15		GONZALEZ, Vicente Jr.
21723	115	Democratic Party	12	NJ	5		GOTTHEIMER, Josh S.
21724	115	Republican Party	45	LA	3		HIGGINS, Clay
21725	115	Republican Party	22	IN	9		HOLLINGSWORTH, Joseph Albert III
21726	115	Democratic Party	73	WA	7		JAYAPAL, Pramila
21727	115	Republican Party	45	LA	4		JOHNSON, Mike
21728	115	Democratic Party	71	CA	17		KHANNA, Rohit
21729	115	Democratic Party	65	NV	4		KIHUEN, Ruben Jesus
21730	115	Democratic Party	21	IL	8		KRISHNAMOORTHI, S. Raja
21731	115	Republican Party	54	TN	8		KUSTOFF, David
21732	115	Democratic Party	43	FL	5		LAWSON, Alfred Jr.
21733	115	Republican Party	33	MN	2		LEWIS, Jason Mark
21734	115	Republican Party	32	KS	1		MARSHALL, Roger Wayne
21735	115	Republican Party	43	FL	18		MAST, Brian Jeffery
21736	115	Democratic Party	40	VA	4		MCEACHIN, Aston Donald
21737	115	Republican Party	23	MI	10		MITCHELL, Paul
21738	115	Democratic Party	43	FL	7		MURPHY, Stephanie
21739	115	Democratic Party	61	AZ	1		O'HALLERAN, Thomas C.
21740	115	Democratic Party	71	CA	20		PANETTA, James Varni
21741	115	Democratic Party	52	MD	8		RASKIN, Jamie Ben
21742	115	Republican Party	43	FL	19		ROONEY, Francis
21743	115	Democratic Party	65	NV	3		ROSEN, Jacklyn Sheryl
21744	115	Republican Party	43	FL	4		RUTHERFORD, John Henry
21745	115	Republican Party	14	PA	16		SMUCKER, Lloyd K.
21746	115	Democratic Party	43	FL	9		SOTO, Darren Michael
21747	115	Democratic Party	13	NY	3		SUOZZI, Thomas
21748	115	Republican Party	40	VA	2		TAYLOR, Scott William
21749	115	Republican Party	13	NY	22		TENNEY, Claudia
21750	115	Republican Party	32	KS	4		ESTES, Ron
21751	115	Republican Party	64	MT	1		GIANFORTE, Greg
21752	115	Republican Party	44	GA	6		HANDEL, Karen
21753	115	Republican Party	48	SC	5		NORMAN, Ralph
21754	115	Democratic Party	71	CA	34		GOMEZ, Jimmy
21755	115	Republican Party	67	UT	3		CURTIS, John R.
21756	115	Democratic Party	14	PA	18		LAMB, Conor
21757	115	Republican Party	61	AZ	8		LESKO, Debbie
21758	115	Republican Party	49	TX	27		CLOUD, Michael
21759	115	Republican Party	24	OH	12		BALDERSON, Troy
21760	115	Republican Party	53	OK	1		HERN, Kevin
21761	115	Democratic Party	13	NY	25		MORELLE, Joseph D.
21762	115	Democratic Party	14	PA	7		SCANLON, Mary Gay
21763	115	Democratic Party	14	PA	15		WILD, Susan
21764	115	Democratic Party	23	MI	13		JONES, Brenda
29100	102	Democratic Party	41	AL	5	0	CRAMER, Robert E. (Bud), Jr.
29101	102	Democratic Party	61	AZ	2	0	PASTOR, Ed
29103	102	Republican Party	71	CA	1	0	RIGGS, Frank D.
29104	102	Republican Party	71	CA	14	0	DOOLITTLE, John Taylor
29105	102	Democratic Party	71	CA	17	0	DOOLEY, Calvin M.
29106	102	Democratic Party	71	CA	29	0	WATERS, Maxine
29107	102	Republican Party	71	CA	44	0	CUNNINGHAM, Randall (Duke)
29108	102	Republican Party	62	CO	4	0	ALLARD, A. Wayne
29109	102	Democratic Party	1	CT	3	0	DeLAURO, Rosa L.
29110	102	Republican Party	1	CT	5	0	FRANKS, Gary A.
29111	102	Democratic Party	43	FL	2	0	PETERSON, Douglas Brian (Pete)
29112	102	Democratic Party	43	FL	11	0	BACCHUS, James
29114	102	Democratic Party	63	ID	1	0	LaROCCO, Larry
29115	102	Republican Party	21	IL	15	0	EWING, Thomas W.
29116	102	Democratic Party	21	IL	16	0	COX, John W., Jr.
29117	102	Democratic Party	22	IN	3	0	ROEMER, Timothy John
29118	102	Republican Party	31	IA	2	0	NUSSLE, James Allen
29119	102	Republican Party	32	KS	5	0	NICHOLS, Richard
29120	102	Democratic Party	45	LA	2	0	JEFFERSON, William Jennings
29121	102	Democratic Party	2	ME	1	0	ANDREWS, Thomas Hiram
29122	102	Republican Party	52	MD	1	0	GILCHREST, Wayne Thomas
29123	102	Democratic Party	3	MA	1	0	OLVER, John Walter
29124	102	Republican Party	23	MI	10	0	CAMP, David Lee
29125	102	Democratic Party	23	MI	13	0	COLLINS, Barbara-Rose
29126	102	Republican Party	33	MN	3	0	RAMSTAD, James (Jim)
29127	102	Democratic Party	33	MN	7	0	PETERSON, Collin Clark
29128	102	Democratic Party	34	MO	2	0	HORN, Joan Kelly
29129	102	Republican Party	35	NE	3	0	BARRETT, William E.
29130	102	Republican Party	4	NH	1	0	ZELIFF, William H., Jr.
29131	102	Democratic Party	4	NH	2	0	SWETT, Richard
29132	102	Democratic Party	12	NJ	1	0	ANDREWS, Robert Ernest
29133	102	Republican Party	12	NJ	12	0	ZIMMER, Richard
29134	102	Democratic Party	13	NY	18	0	SERRANO, José E.
29135	102	Republican Party	47	NC	11	0	TAYLOR, Charles Hart
29136	102	Republican Party	24	OH	7	0	HOBSON, David Lee
29137	102	Republican Party	24	OH	8	0	BOEHNER, John Andrew
29138	102	Democratic Party	53	OK	3	0	BREWSTER, William K.
29139	102	Democratic Party	72	OR	5	0	KOPETSKI, Michael J.
29140	102	Democratic Party	14	PA	2	0	BLACKWELL, Lucien Edward
29141	102	Republican Party	14	PA	18	0	SANTORUM, Richard John (Rick)
29142	102	Democratic Party	5	RI	2	0	REED, John F. (Jack)
29143	102	Republican Party	49	TX	3	0	JOHNSON, Sam
29144	102	Democratic Party	49	TX	11	0	EDWARDS, Thomas Chester (Chet)
29145	102	Democratic Party	49	TX	18	0	WASHINGTON, Craig Anthony
29146	102	Democratic Party	67	UT	3	0	ORTON, William
29147	102	Independent	6	VT	1	0	SANDERS, Bernard
29148	102	Republican Party	40	VA	7	0	ALLEN, George
29149	102	Democratic Party	40	VA	8	0	MORAN, James P.
29150	102	Republican Party	25	WI	2	0	KLUG, Scott L.
29300	103	Republican Party	41	AL	2	0	EVERETT, Robert Terry
29301	103	Republican Party	41	AL	6	0	BACHUS, Spencer T., III
29302	103	Democratic Party	41	AL	7	0	HILLIARD, Earl Frederick
29303	103	Democratic Party	61	AZ	1	0	COPPERSMITH, Samuel G.
29304	103	Democratic Party	61	AZ	6	0	ENGLISH, Karan
29305	103	Democratic Party	42	AR	1	0	LINCOLN, Blanche Lambert
29306	103	Republican Party	42	AR	3	0	HUTCHINSON, Timothy
29307	103	Republican Party	42	AR	4	0	DICKEY, Jay W., Jr.
29308	103	Democratic Party	71	CA	1	0	HAMBURG, Daniel
29309	103	Democratic Party	71	CA	6	0	WOOLSEY, Lynn C.
29310	103	Republican Party	71	CA	10	0	BAKER, William P.
29311	103	Republican Party	71	CA	11	0	POMBO, Richard William
29312	103	Democratic Party	71	CA	14	0	ESHOO, Anna Georges
29313	103	Democratic Party	71	CA	17	0	FARR, Sam
29314	103	Republican Party	71	CA	22	0	HUFFINGTON, Michael
29315	103	Republican Party	71	CA	25	0	McKEON, Howard P. (Buck)
29316	103	Democratic Party	71	CA	30	0	BECERRA, Xavier
29317	103	Democratic Party	71	CA	33	0	ROYBAL-ALLARD, Lucille
29318	103	Democratic Party	71	CA	36	0	HARMAN, Jane L.
29319	103	Democratic Party	71	CA	37	0	TUCKER, Walter R., III
29320	103	Republican Party	71	CA	38	0	HORN, John Stephen (Steve)
29321	103	Republican Party	71	CA	39	0	ROYCE, Edward Randall
29322	103	Republican Party	71	CA	41	0	KIM, Jay C.
29323	103	Republican Party	71	CA	43	0	CALVERT, Ken
29324	103	Democratic Party	71	CA	49	0	SCHENK, Lynn
29325	103	Democratic Party	71	CA	50	0	FILNER, Bob
29326	103	Republican Party	62	CO	3	0	McINNIS, Scott
29327	103	Republican Party	11	DE	1	0	CASTLE, Michael Newbold
29328	103	Democratic Party	43	FL	3	0	BROWN, Corrine
29329	103	Republican Party	43	FL	4	0	FOWLER, Tillie Kidd
29330	103	Democratic Party	43	FL	5	0	THURMAN, Karen L.
29331	103	Republican Party	43	FL	7	0	MICA, John L.
29332	103	Republican Party	43	FL	12	0	CANADY, Charles Terrance
29333	103	Republican Party	43	FL	13	0	MILLER, Daniel
29334	103	Democratic Party	43	FL	17	0	MEEK, Carrie P.
29335	103	Democratic Party	43	FL	20	0	DEUTSCH, Peter R.
29336	103	Republican Party	43	FL	21	0	DIAZ-BALART, Lincoln
29337	103	Democratic Party	43	FL	23	0	HASTINGS, Alcee Lamar
29338	103	Republican Party	44	GA	1	0	KINGSTON, Jack
29339	103	Democratic Party	44	GA	2	0	BISHOP, Sanford Dixon, Jr.
29340	103	Republican Party	44	GA	3	0	COLLINS, Michael Allen (Mac)
29341	103	Republican Party	44	GA	4	0	LINDER, John Elmer
29342	103	Democratic Party	44	GA	9	0	DEAL, John Nathan
29343	103	Democratic Party	44	GA	10	0	JOHNSON, Clete Donald, Jr. (Don)
29344	103	Democratic Party	44	GA	11	0	McKINNEY, Cynthia Ann
29345	103	Republican Party	63	ID	2	0	CRAPO, Michael Dean
29346	103	Democratic Party	21	IL	1	0	RUSH, Bobby L.
29347	103	Democratic Party	21	IL	2	0	REYNOLDS, Mel
29348	103	Democratic Party	21	IL	4	0	GUTIÉRREZ, Luis V.
29349	103	Republican Party	21	IL	16	0	MANZULLO, Donald A.
29350	103	Republican Party	22	IN	5	0	BUYER, Stephen Earle
29351	103	Democratic Party	51	KY	1	0	BARLOW, Thomas J., III
29352	103	Republican Party	51	KY	2	0	LEWIS, Ron
29353	103	Democratic Party	51	KY	6	0	BAESLER, Henry Scott (Scotty)
29354	103	Democratic Party	45	LA	4	0	FIELDS, Cleo
29355	103	Democratic Party	52	MD	4	0	WYNN, Albert Russell
29356	103	Republican Party	52	MD	6	0	BARTLETT, Roscoe Gardner
29357	103	Republican Party	3	MA	3	0	BLUTE, Peter I.
29358	103	Democratic Party	3	MA	5	0	MEEHAN, Martin Thomas
29359	103	Republican Party	3	MA	6	0	TORKILDSEN, Peter Gerard
29360	103	Democratic Party	23	MI	1	0	STUPAK, Bart T.
29361	103	Republican Party	23	MI	2	0	HOEKSTRA, Peter
29362	103	Republican Party	23	MI	3	0	EHLERS, Vernon James
29363	103	Democratic Party	23	MI	5	0	BARCIA, James A.
29364	103	Republican Party	23	MI	7	0	SMITH, Nick H.
29365	103	Republican Party	23	MI	11	0	KNOLLENBERG, Joseph
29366	103	Democratic Party	33	MN	2	0	MINGE, David R.
29367	103	Republican Party	33	MN	6	0	GRAMS, Rod
29368	103	Democratic Party	46	MS	2	0	THOMPSON, Bennie
29369	103	Republican Party	34	MO	2	0	TALENT, James Matthes
29370	103	Democratic Party	34	MO	6	0	DANNER, Patsy Ann (Pat)
29371	103	Republican Party	12	NJ	7	0	FRANKS, Robert Douglas
29372	103	Democratic Party	12	NJ	8	0	KLEIN, Herbert C.
29373	103	Democratic Party	12	NJ	13	0	MENENDEZ, Robert
29374	103	Republican Party	13	NY	2	0	LAZIO, Enrico A. (Rick)
29375	103	Republican Party	13	NY	3	0	KING, Peter T.
29376	103	Republican Party	13	NY	4	0	LEVY, David A.
29377	103	Democratic Party	13	NY	8	0	NADLER, Jerrold Lewis
29378	103	Democratic Party	13	NY	12	0	VELÁZQUEZ, Nydia M.
29379	103	Democratic Party	13	NY	14	0	MALONEY, Carolyn Bosher
29380	103	Democratic Party	13	NY	26	0	HINCHEY, Maurice Dunlea
29381	103	Republican Party	13	NY	30	0	QUINN, John Francis (Jack)
29382	103	Democratic Party	47	NC	1	0	CLAYTON, Eva M.
29383	103	Democratic Party	47	NC	12	0	WATT, Melvin L.
29384	103	Democratic Party	36	ND	1	0	POMEROY, Earl Ralph, III
29385	103	Democratic Party	24	OH	1	0	MANN, David Scott
29386	103	Republican Party	24	OH	2	0	PORTMAN, Robert Jones (Rob)
29388	103	Republican Party	24	OH	10	0	HOKE, Martin R.
29389	103	Democratic Party	24	OH	13	0	BROWN, Sherrod
29390	103	Republican Party	24	OH	15	0	PRYCE, Deborah D.
29391	103	Democratic Party	24	OH	19	0	FINGERHUT, Eric D.
29392	103	Republican Party	53	OK	5	0	ISTOOK, Ernest James, Jr.
29393	103	Republican Party	53	OK	6	0	LUCAS, Frank D.
29394	103	Democratic Party	72	OR	1	0	FURSE, Elizabeth
29395	103	Democratic Party	14	PA	4	0	KLINK, Ronald
29396	103	Democratic Party	14	PA	6	0	HOLDEN, Thomas Timothy (Tim)
29397	103	Republican Party	14	PA	8	0	GREENWOOD, James Charles
29398	103	Democratic Party	14	PA	13	0	MARGOLIES-MEZVINSKY, Marjorie
29399	103	Democratic Party	14	PA	15	0	McHALE, Paul F., Jr.
29500	104	Republican Party	61	AZ	1	0	SALMON, Matthew James
29501	104	Republican Party	61	AZ	4	0	SHADEGG, John B.
29502	104	Republican Party	61	AZ	6	0	HAYWORTH, John D., Jr.
29504	104	Democratic Party	71	CA	16	0	LOFGREN, Zoe
29505	104	Republican Party	71	CA	19	0	RADANOVICH, George P.
29506	104	Republican Party	71	CA	22	0	SEASTRAND, Andrea
29507	104	Republican Party	71	CA	44	0	BONO, Sonny
29508	104	Republican Party	71	CA	49	0	BILBRAY, Brian P.
29509	104	Republican Party	43	FL	15	0	WELDON, David Joseph
29510	104	Republican Party	43	FL	16	0	FOLEY, Mark A.
29511	104	Republican Party	44	GA	7	0	BARR, Bob
29512	104	Republican Party	44	GA	8	0	CHAMBLISS, Saxby
29513	104	Republican Party	44	GA	10	0	NORWOOD, Charles W., Jr.
29514	104	Republican Party	63	ID	1	0	CHENOWETH-HAGE, Helen P.
29515	104	Republican Party	21	IL	5	0	FLANAGAN, Michael P.
29516	104	Republican Party	21	IL	11	0	WELLER, Gerald C. (Jerry)
29517	104	Republican Party	21	IL	18	0	LaHOOD, Ray H.
29518	104	Republican Party	22	IN	2	0	McINTOSH, David Martin
29519	104	Republican Party	22	IN	4	0	SOUDER, Mark Edward
29520	104	Republican Party	22	IN	8	0	HOSTETTLER, John Nathan
29521	104	Republican Party	31	IA	4	0	GANSKE, Greg
29522	104	Republican Party	31	IA	5	0	LATHAM, Thomas
29523	104	Republican Party	32	KS	2	0	BROWNBACK, Sam Dale
29524	104	Republican Party	32	KS	4	0	TIAHRT, Todd
29525	104	Republican Party	51	KY	1	0	WHITFIELD, Wayne Edward (Ed)
29526	104	Democratic Party	51	KY	3	0	WARD, Michael Delavan
29527	104	Republican Party	2	ME	1	0	LONGLEY, James
29528	104	Democratic Party	2	ME	2	0	BALDACCI, John Elias
29529	104	Republican Party	52	MD	2	0	EHRLICH, Robert L., Jr.
29530	104	Republican Party	23	MI	8	0	CHRYSLER, Dick
29531	104	Democratic Party	23	MI	13	0	RIVERS, Lynn Nancy
29532	104	Republican Party	33	MN	1	0	GUTKNECHT, Gilbert W.
29533	104	Democratic Party	33	MN	6	0	LUTHER, William Paul
29534	104	Republican Party	46	MS	1	0	WICKER, Roger F.
29535	104	Democratic Party	34	MO	5	0	McCARTHY, Karen
29536	104	Republican Party	35	NE	2	0	CHRISTENSEN, Jon Lynn
29537	104	Republican Party	65	NV	1	0	ENSIGN, John Eric
29538	104	Republican Party	4	NH	2	0	BASS, Charles Foster
29539	104	Republican Party	12	NJ	2	0	LoBIONDO, Frank A.
29540	104	Republican Party	12	NJ	8	0	MARTINI, William J.
29541	104	Republican Party	12	NJ	11	0	FRELINGHUYSEN, Rodney P.
29542	104	Republican Party	13	NY	1	0	FORBES, Michael Patrick
29543	104	Republican Party	13	NY	4	0	FRISA, Dan
29544	104	Republican Party	13	NY	19	0	KELLY, Sue W.
29545	104	Republican Party	47	NC	2	0	FUNDERBURK, David
29546	104	Republican Party	47	NC	3	0	JONES, Walter Beaman, Jr.
29547	104	Republican Party	47	NC	4	0	HEINEMAN, Fred
29548	104	Republican Party	47	NC	5	0	BURR, Richard M.
29549	104	Republican Party	47	NC	9	0	MYRICK, Sue
29550	104	Republican Party	24	OH	1	0	CHABOT, Steve
29551	104	Republican Party	24	OH	6	0	CREMEANS, Frank
29552	104	Republican Party	24	OH	18	0	NEY, Robert William
29553	104	Republican Party	24	OH	19	0	LaTOURETTE, Steven C.
29554	104	Republican Party	53	OK	1	0	LARGENT, Steve
29555	104	Republican Party	53	OK	2	0	COBURN, Thomas Allen
29556	104	Republican Party	53	OK	4	0	WATTS, Julius Caesar, Jr. (J. C.)
29557	104	Republican Party	72	OR	2	0	COOLEY, Wes
29558	104	Republican Party	72	OR	5	0	BUNN, Jim
29559	104	Democratic Party	14	PA	2	0	FATTAH, Chaka
29560	104	Republican Party	14	PA	13	0	FOX, Jon D.
29561	104	Democratic Party	14	PA	18	0	DOYLE, Michael F.
29562	104	Democratic Party	14	PA	20	0	MASCARA, Frank R.
29563	104	Republican Party	14	PA	21	0	ENGLISH, Philip Sheridan
29564	104	Democratic Party	5	RI	1	0	KENNEDY, Patrick Joseph
29565	104	Republican Party	48	SC	1	0	SANFORD, Mark
29566	104	Republican Party	48	SC	3	0	GRAHAM, Lindsey O.
29567	104	Republican Party	54	TN	3	0	WAMP, Zachary Paul
29568	104	Republican Party	54	TN	4	0	HILLEARY, Van
29569	104	Republican Party	54	TN	7	0	BRYANT, Ed
29570	104	Republican Party	49	TX	9	0	STOCKMAN, Steve
29571	104	Democratic Party	49	TX	10	0	DOGGETT, Lloyd Alton, II
29572	104	Republican Party	49	TX	13	0	THORNBERRY, William McClellan (Mac)
29573	104	Democratic Party	49	TX	18	0	JACKSON LEE, Sheila
29574	104	Democratic Party	49	TX	25	0	BENTSEN, Kenneth E., Jr.
29575	104	Republican Party	67	UT	2	0	GREENE WALDHOLTZ, Enid
29576	104	Republican Party	40	VA	11	0	DAVIS, Thomas M., III
29577	104	Republican Party	73	WA	1	0	WHITE, Richard Alan (Rick)
29578	104	Republican Party	73	WA	2	0	METCALF, Jack
29579	104	Republican Party	73	WA	3	0	SMITH, Linda
29580	104	Republican Party	73	WA	4	0	HASTINGS, Richard Norman (Doc)
29581	104	Republican Party	73	WA	5	0	NETHERCUTT, George R., Jr.
29582	104	Republican Party	73	WA	9	0	TATE, Randy J.
29583	104	Republican Party	25	WI	1	0	NEUMANN, Mark W.
29584	104	Republican Party	68	WY	1	0	CUBIN, Barbara L.
29585	104	Democratic Party	21	IL	2	0	JACKSON, Jesse L., Jr.
29586	104	Democratic Party	71	CA	37	0	MILLENDER-McDONALD, Juanita
29587	104	Democratic Party	52	MD	7	0	CUMMINGS, Elijah Eugene
29588	104	Democratic Party	72	OR	3	0	BLUMENAUER, Earl
29700	105	Republican Party	41	AL	3	0	RILEY, Robert
29701	105	Republican Party	41	AL	4	0	ADERHOLT, Robert
29702	105	Democratic Party	42	AR	1	0	BERRY, Robert Marion
29703	105	Democratic Party	42	AR	2	0	SNYDER, Victor F.
29704	105	Republican Party	42	AR	3	0	HUTCHINSON, Asa
29705	105	Democratic Party	71	CA	10	0	TAUSCHER, Ellen O'Kane
29706	105	Democratic Party	71	CA	22	1	CAPPS, Walter Holden
29707	105	Democratic Party	71	CA	24	0	SHERMAN, Brad
29708	105	Republican Party	71	CA	27	0	ROGAN, James E.
29709	105	Democratic Party	71	CA	46	0	SANCHEZ, Loretta
29710	105	Democratic Party	62	CO	1	0	DeGETTE, Diana
29711	105	Republican Party	62	CO	4	0	SCHAFFER, Robert W.
29712	105	Democratic Party	1	CT	5	0	MALONEY, James H.
29713	105	Democratic Party	43	FL	2	0	BOYD, F. Allen, Jr.
29714	105	Democratic Party	43	FL	11	0	DAVIS, Jim
29715	105	Democratic Party	43	FL	19	0	WEXLER, Robert
29716	105	Democratic Party	21	IL	5	0	BLAGOJEVICH, Rod R.
29717	105	Democratic Party	21	IL	7	0	DAVIS, Danny K.
29718	105	Republican Party	21	IL	20	0	SHIMKUS, John M.
29719	105	Republican Party	22	IN	7	0	PEASE, Edward Allan
29720	105	Democratic Party	22	IN	10	0	CARSON, Julia May
29721	105	Democratic Party	31	IA	3	0	BOSWELL, Leonard L.
29722	105	Republican Party	32	KS	1	0	MORAN, Jerry
29723	105	Republican Party	32	KS	2	0	RYUN, Jim
29724	105	Republican Party	32	KS	3	0	SNOWBARGER, Vincent K.
29725	105	Republican Party	51	KY	3	0	NORTHUP, Anne Meagher
29726	105	Republican Party	45	LA	5	0	COOKSEY, John
29727	105	Democratic Party	45	LA	7	0	JOHN, Christopher
29728	105	Democratic Party	2	ME	1	0	ALLEN, Thomas H.
29729	105	Democratic Party	3	MA	3	0	McGOVERN, James P.
29730	105	Democratic Party	3	MA	6	0	TIERNEY, John F.
29731	105	Democratic Party	3	MA	10	0	DELAHUNT, Bill
29732	105	Democratic Party	23	MI	8	0	STABENOW, Deborah Ann
29733	105	Democratic Party	23	MI	15	0	KILPATRICK, Carolyn Cheeks
29734	105	Republican Party	46	MS	3	0	PICKERING, Charles W. (Chip), Jr.
29735	105	Republican Party	34	MO	7	0	BLUNT, Roy
29736	105	Republican Party	34	MO	8	0	EMERSON, Jo Ann
29737	105	Republican Party	34	MO	9	0	HULSHOF, Kenny
29738	105	Republican Party	64	MT	1	0	HILL, Rick
29739	105	Republican Party	65	NV	2	0	GIBBONS, James A.
29740	105	Republican Party	4	NH	1	0	SUNUNU, John E.
29741	105	Democratic Party	12	NJ	8	0	PASCRELL, William J., Jr.
29742	105	Democratic Party	12	NJ	9	0	ROTHMAN, Steven
29743	105	Republican Party	12	NJ	12	0	PAPPAS, Michael James
29744	105	Democratic Party	13	NY	4	0	McCARTHY, Carolyn
29745	105	Democratic Party	47	NC	2	0	ETHERIDGE, Bobby R.
29746	105	Democratic Party	47	NC	7	0	McINTYRE, Mike
29747	103	Democratic Party	24	OH	6	0	STRICKLAND, Ted
29748	105	Democratic Party	24	OH	10	0	KUCINICH, Dennis
29749	105	Republican Party	53	OK	3	0	WATKINS, Wesley Wade
29750	105	Democratic Party	72	OR	5	0	HOOLEY, Darlene
29751	105	Republican Party	14	PA	5	0	PETERSON, John
29752	105	Republican Party	14	PA	16	0	PITTS, Joseph R.
29753	105	Democratic Party	5	RI	2	0	WEYGAND, Robert A.
29754	105	Republican Party	37	SD	1	0	THUNE, John
29755	105	Republican Party	54	TN	1	0	JENKINS, William Lewis
29756	105	Democratic Party	54	TN	9	0	FORD, Harold, Jr.
29757	105	Democratic Party	49	TX	1	0	SANDLIN, Max A.
29758	105	Democratic Party	49	TX	2	0	TURNER, Jim
29759	105	Republican Party	49	TX	5	0	SESSIONS, Pete
29760	105	Republican Party	49	TX	8	0	BRADY, Kevin Patrick
29761	105	Democratic Party	49	TX	9	0	LAMPSON, Nicholas V.
29762	105	Republican Party	49	TX	12	0	GRANGER, Kay
29763	105	Democratic Party	49	TX	15	0	HINOJOSA, Rubén
29764	105	Democratic Party	49	TX	16	0	REYES, Silvestre
29765	105	Republican Party	67	UT	2	0	COOK, Merrill
29766	105	Republican Party	67	UT	3	0	CANNON, Christopher B.
29767	105	Democratic Party	40	VA	5	0	GOODE, Virgil H., Jr.
29768	105	Democratic Party	73	WA	9	0	SMITH, Adam
29769	105	Democratic Party	25	WI	3	0	KIND, Ron
29770	105	Democratic Party	25	WI	8	0	JOHNSON, Jay W.
29771	105	Democratic Party	49	TX	28	2	RODRIGUEZ, Ciro D.
29772	105	Republican Party	66	NM	3	2	REDMOND, William Thomas
29773	105	Republican Party	13	NY	13	2	FOSSELLA, Vito John
29774	105	Democratic Party	71	CA	22	2	CAPPS, Lois
29775	105	Republican Party	71	CA	44	2	BONO, Mary
29776	105	Democratic Party	13	NY	6	2	MEEKS, Gregory W.
29777	105	Democratic Party	14	PA	1	2	BRADY, Robert A.
29778	105	Democratic Party	71	CA	9	2	LEE, Barbara
29779	105	Republican Party	66	NM	1	2	WILSON, Heather
29901	106	Democratic Party	71	CA	1	0	THOMPSON, Michael
29902	106	Republican Party	71	CA	3	0	OSE, Doug
29903	106	Democratic Party	71	CA	34	0	NAPOLITANO, Grace Flores
29904	106	Republican Party	71	CA	36	0	KUYKENDALL, Steven T.
29905	106	Republican Party	71	CA	41	0	MILLER, Gary G.
29906	106	Democratic Party	62	CO	2	0	UDALL, Mark
29907	106	Republican Party	62	CO	6	0	TANCREDO, Thomas G.
29908	106	Democratic Party	1	CT	1	0	LARSON, John B.
29909	106	Republican Party	44	GA	6	2	ISAKSON, Johnny
29910	106	Republican Party	63	ID	2	0	SIMPSON, Michael K.
29911	106	Democratic Party	21	IL	9	0	SCHAKOWSKY, Janice D.
29912	106	Republican Party	21	IL	13	0	BIGGERT, Judy Borg
29913	106	Democratic Party	21	IL	19	0	PHELPS, David Dwain
29914	106	Democratic Party	22	IN	9	0	HILL, Baron P.
29915	106	Democratic Party	32	KS	3	0	MOORE, Dennis
29916	106	Democratic Party	51	KY	4	0	LUCAS, Ken
29917	106	Republican Party	51	KY	6	0	FLETCHER, Ernest L.
29918	106	Republican Party	45	LA	1	2	VITTER, David
29919	106	Democratic Party	3	MA	8	0	CAPUANO, Michael Everett
29920	106	Democratic Party	46	MS	4	0	SHOWS, Clifford Ronald
29921	106	Republican Party	35	NE	2	0	TERRY, Lee Raymond
29922	106	Democratic Party	65	NV	1	0	BERKLEY, Shelley
29923	106	Democratic Party	12	NJ	12	0	HOLT, Rush
29924	106	Democratic Party	66	NM	3	0	UDALL, Thomas (Tom)
29925	106	Democratic Party	13	NY	7	0	CROWLEY, Joseph
29926	106	Democratic Party	13	NY	9	0	WEINER, Anthony D.
29927	106	Republican Party	13	NY	22	0	SWEENEY, John E.
29928	106	Republican Party	13	NY	27	0	REYNOLDS, Thomas M.
29929	106	Republican Party	47	NC	8	0	HAYES, Robert (Robin)
29930	106	Democratic Party	24	OH	11	0	JONES, Stephanie Tubbs
29931	106	Democratic Party	72	OR	1	0	WU, David
29932	106	Republican Party	72	OR	2	0	WALDEN, Greg
29933	106	Republican Party	14	PA	10	0	SHERWOOD, Don
29934	106	Democratic Party	14	PA	13	0	HOEFFEL, Joseph M.
29935	106	Republican Party	14	PA	15	0	TOOMEY, Patrick Joseph
29936	106	Republican Party	48	SC	4	0	DeMINT, James W.
29937	103	Democratic Party	73	WA	4	0	INSLEE, Jay Robert
29938	106	Democratic Party	73	WA	3	0	BAIRD, Brian
29939	106	Republican Party	25	WI	1	0	RYAN, Paul D.
29940	106	Democratic Party	25	WI	2	0	BALDWIN, Tammy
29941	106	Republican Party	25	WI	8	0	GREEN, Mark
29942	106	Democratic Party	71	CA	42	2	BACA, Joe
29943	106	Democratic Party	49	TX	20	0	GONZALEZ, Charles A.
31100	112	Democratic Party	23	MI	11	2	CURSON, David Alan
31101	112	Democratic Party	73	WA	1	2	DelBENE, Suzan K.
31102	112	Republican Party	51	KY	4	2	MASSIE, Thomas
31103	112	Democratic Party	12	NJ	10	2	PAYNE, Donald, Jr.
39300	103	Republican Party	48	SC	4	0	INGLIS, Robert Durden
39301	103	Democratic Party	48	SC	6	0	CLYBURN, James Enos
39302	103	Republican Party	49	TX	23	0	BONILLA, Henry
39303	103	Democratic Party	49	TX	28	0	TEJEDA, Frank
39304	103	Democratic Party	49	TX	29	0	GREEN, Raymond Eugene (Gene)
39305	103	Democratic Party	49	TX	30	0	JOHNSON, Eddie Bernice
39306	103	Democratic Party	67	UT	2	0	SHEPHERD, Karen
39307	103	Democratic Party	40	VA	3	0	SCOTT, Robert C.
39308	103	Republican Party	40	VA	6	0	GOODLATTE, Robert William
39309	103	Democratic Party	40	VA	11	0	BYRNE, Leslie Larkin
39310	103	Democratic Party	73	WA	1	0	CANTWELL, Maria E.
39312	103	Republican Party	73	WA	8	0	DUNN, Jennifer Blackburn
39313	103	Democratic Party	73	WA	9	0	KREIDLER, Myron Bradford (Mike)
39314	103	Democratic Party	25	WI	1	0	BARCA, Peter William
39315	103	Democratic Party	25	WI	5	0	BARRETT, Thomas M.
39316	103	Republican Party	13	NY	24	0	McHUGH, John Michael
39508	104	Republican Party	43	FL	1	0	SCARBOROUGH, Charles Joseph
89767	107	Republican Party	40	VA	5	0	GOODE, Virgil H., Jr.
90327	109	Republican Party	45	LA	5	0	ALEXANDER, Rodney
90901	111	Republican Party	41	AL	5	0	GRIFFITH, Parker
94679	104	Republican Party	45	LA	3	0	TAUZIN, Wilbert Joseph (Billy)
94828	108	Republican Party	49	TX	4	0	HALL, Ralph Moody
94879	106	Republican Party	71	CA	31	0	MARTÍNEZ, Matthew G.
95120	102	Democratic Party	44	GA	4	0	JONES, Ben
95418	104	Republican Party	45	LA	7	0	HAYES, James Allison
95611	104	Republican Party	49	TX	14	0	LAUGHLIN, Gregory H.
95617	104	Republican Party	46	MS	4	0	PARKER, Michael (Mike)
99342	104	Republican Party	44	GA	9	0	DEAL, John Nathan
99542	106	Democratic Party	13	NY	1	0	FORBES, Michael Patrick
99767	106	Independent	40	VA	5	0	GOODE, Virgil H., Jr.
99908	102	Republican Party	99	USA	0	0	BUSH, George Herbert Walker
99909	103	Democratic Party	99	USA	0	0	CLINTON, William Jefferson (Bill)
99910	107	Republican Party	99	USA	0	0	BUSH, George Walker
99911	111	Democratic Party	99	USA	0	0	OBAMA, Barack
